y_real,y_pred,probabilidade_mau_pagador
0,0,0.2998047939713951
0,0,0.2998047939713951
0,0,0.2998047939713951
0,0,0.2998047939713951
0,0,0.2998047939713951
1,0,0.2998047939713951
0,0,0.2998047939713951
0,0,0.2998047939713951
0,0,0.2998047939713951
0,0,0.2998047939713951
0,0,0.34376277592728444
0,0,0.34376277592728444
0,0,0.34376277592728444
0,0,0.34376277592728444
0,0,0.22375970818058918
0,0,0.22375970818058918
0,0,0.22375970818058918
0,0,0.22375970818058918
0,0,0.22375970818058918
0,0,0.22375970818058918
0,0,0.42567760806721383
0,0,0.21271965941099097
0,0,0.21271965941099097
0,0,0.21271965941099097
0,0,0.21271965941099097
0,0,0.21271965941099097
0,0,0.21271965941099097
0,0,0.21271965941099097
0,0,0.21271965941099097
0,0,0.21271965941099097
0,0,0.21271965941099097
0,0,0.34196250517319926
0,0,0.34196250517319926
0,0,0.23455035253069398
0,0,0.23455035253069398
0,0,0.4223977140437026
0,0,0.4223977140437026
0,0,0.4223977140437026
0,0,0.4223977140437026
0,0,0.4223977140437026
0,0,0.4223977140437026
0,0,0.4223977140437026
0,0,0.4223977140437026
0,0,0.4223977140437026
0,0,0.22806357306298136
0,1,0.5131445767174311
0,0,0.26081344478208235
0,0,0.26081344478208235
0,0,0.26081344478208235
0,0,0.26081344478208235
0,0,0.26081344478208235
0,0,0.3741107873986469
0,0,0.3741107873986469
0,0,0.3741107873986469
0,0,0.3741107873986469
0,0,0.3741107873986469
1,0,0.3741107873986469
0,0,0.3741107873986469
0,0,0.3741107873986469
0,0,0.24697549286513013
0,1,0.6007408086704171
0,1,0.6007408086704171
0,1,0.6007408086704171
0,1,0.6007408086704171
0,0,0.2953078829749446
0,0,0.2953078829749446
0,0,0.2953078829749446
0,0,0.2953078829749446
0,0,0.2953078829749446
0,0,0.2953078829749446
0,0,0.2953078829749446
0,0,0.2953078829749446
0,0,0.2953078829749446
0,0,0.2953078829749446
0,0,0.2953078829749446
0,0,0.2953078829749446
0,0,0.2953078829749446
0,0,0.2953078829749446
0,0,0.31208658633019903
0,0,0.31208658633019903
0,0,0.31208658633019903
0,0,0.31208658633019903
0,0,0.31208658633019903
1,0,0.31208658633019903
0,0,0.31208658633019903
0,0,0.434980117344663
0,0,0.434980117344663
1,0,0.27085330563346327
1,0,0.3255239994933204
0,0,0.3255239994933204
1,0,0.3255239994933204
0,0,0.2512129743605143
0,0,0.2512129743605143
0,0,0.2512129743605143
0,0,0.2512129743605143
0,0,0.2512129743605143
0,0,0.2512129743605143
0,0,0.40935997341705155
0,0,0.2837657682580798
0,0,0.2837657682580798
1,0,0.2837657682580798
0,0,0.2837657682580798
0,0,0.4791681612130701
0,0,0.4791681612130701
0,0,0.4791681612130701
0,0,0.4791681612130701
1,0,0.3866206609132597
1,0,0.3866206609132597
0,0,0.3866206609132597
0,0,0.3866206609132597
0,0,0.3866206609132597
1,0,0.3866206609132597
0,0,0.3150067634054393
0,0,0.3150067634054393
0,0,0.3150067634054393
0,0,0.3150067634054393
0,0,0.3172704096103355
0,0,0.3172704096103355
0,0,0.3172704096103355
0,0,0.3172704096103355
0,0,0.3172704096103355
0,0,0.3172704096103355
0,0,0.2540887293066874
0,0,0.2540887293066874
0,0,0.2540887293066874
0,0,0.2540887293066874
0,0,0.2540887293066874
0,0,0.2540887293066874
0,0,0.2540887293066874
0,0,0.3971064601645257
0,0,0.3971064601645257
0,0,0.3971064601645257
0,0,0.3971064601645257
0,0,0.3971064601645257
0,0,0.3971064601645257
0,0,0.3908084760320657
0,0,0.3908084760320657
0,0,0.3908084760320657
0,0,0.3908084760320657
1,0,0.3908084760320657
1,0,0.3908084760320657
0,0,0.3908084760320657
0,0,0.3908084760320657
1,0,0.49039950840855456
0,0,0.17663615825908155
0,0,0.17663615825908155
0,0,0.17663615825908155
0,0,0.17663615825908155
0,0,0.17663615825908155
1,0,0.28161108030686327
1,0,0.28161108030686327
0,0,0.28161108030686327
0,0,0.28161108030686327
0,0,0.28161108030686327
1,0,0.40154990641946137
0,0,0.40154990641946137
0,0,0.4372119923627317
0,0,0.4372119923627317
0,0,0.4372119923627317
0,0,0.24992479186052677
0,0,0.24992479186052677
0,0,0.24992479186052677
0,0,0.24992479186052677
0,0,0.24992479186052677
0,0,0.24992479186052677
0,0,0.24992479186052677
0,0,0.24992479186052677
1,0,0.21550325635225354
1,0,0.21550325635225354
0,0,0.21550325635225354
0,0,0.21550325635225354
1,0,0.21550325635225354
0,0,0.21550325635225354
1,0,0.21550325635225354
1,0,0.21550325635225354
0,0,0.33606743211611007
0,0,0.33606743211611007
0,0,0.39102072096389356
0,0,0.39102072096389356
0,0,0.39102072096389356
0,0,0.39102072096389356
0,0,0.39102072096389356
0,0,0.39102072096389356
0,0,0.17955857942879835
1,0,0.17955857942879835
0,0,0.14418021370856565
0,0,0.14418021370856565
0,0,0.1769623103502881
0,0,0.1769623103502881
0,0,0.1769623103502881
0,0,0.1769623103502881
0,0,0.1769623103502881
0,0,0.1769623103502881
0,0,0.1769623103502881
0,0,0.1769623103502881
1,0,0.1769623103502881
0,0,0.1769623103502881
0,0,0.1769623103502881
0,0,0.1769623103502881
1,0,0.1769623103502881
0,0,0.1769623103502881
0,0,0.1769623103502881
0,0,0.1769623103502881
0,0,0.1769623103502881
1,0,0.1769623103502881
0,0,0.1769623103502881
0,0,0.1769623103502881
0,0,0.1769623103502881
0,0,0.1769623103502881
0,0,0.1769623103502881
0,0,0.31253865868917324
0,0,0.31253865868917324
0,0,0.44725970514062724
0,0,0.44725970514062724
0,0,0.44725970514062724
0,0,0.44725970514062724
1,0,0.44725970514062724
0,0,0.44725970514062724
0,0,0.44725970514062724
1,0,0.42718865198615047
0,0,0.42718865198615047
0,0,0.42718865198615047
0,0,0.42718865198615047
0,0,0.42718865198615047
0,0,0.42718865198615047
0,0,0.42718865198615047
0,0,0.42718865198615047
1,0,0.42718865198615047
0,0,0.42718865198615047
0,0,0.38204499309112977
0,0,0.38204499309112977
0,0,0.38204499309112977
0,0,0.38204499309112977
0,0,0.38204499309112977
0,0,0.38204499309112977
0,0,0.38204499309112977
0,0,0.38204499309112977
0,0,0.33980356126729383
1,0,0.33250766059726744
0,0,0.33250766059726744
0,0,0.33250766059726744
0,0,0.33250766059726744
1,0,0.33250766059726744
0,0,0.29939269239180905
0,0,0.29939269239180905
1,0,0.29939269239180905
0,0,0.29939269239180905
0,0,0.29939269239180905
0,0,0.29939269239180905
0,0,0.29939269239180905
0,0,0.29939269239180905
0,0,0.29939269239180905
0,0,0.29939269239180905
0,0,0.40770050738953695
0,0,0.40770050738953695
0,0,0.40770050738953695
0,0,0.2820219501023751
0,0,0.2820219501023751
0,0,0.2820219501023751
0,0,0.2820219501023751
0,0,0.2820219501023751
0,0,0.2820219501023751
0,0,0.2820219501023751
0,0,0.2820219501023751
0,0,0.2820219501023751
0,0,0.3391226669538391
0,0,0.3391226669538391
0,0,0.2715199389270499
0,0,0.2580781534864917
0,0,0.2580781534864917
0,0,0.2580781534864917
0,0,0.2580781534864917
0,0,0.2580781534864917
0,0,0.2580781534864917
0,0,0.2580781534864917
0,0,0.21357201384770935
0,0,0.21357201384770935
0,0,0.21357201384770935
0,0,0.21357201384770935
0,0,0.21357201384770935
0,0,0.21357201384770935
0,0,0.21357201384770935
0,0,0.18445031882199484
1,0,0.2462667041438257
0,0,0.2462667041438257
0,0,0.2462667041438257
0,0,0.3804456234653526
0,0,0.3804456234653526
0,0,0.3804456234653526
0,0,0.3804456234653526
0,0,0.3804456234653526
0,0,0.3804456234653526
0,0,0.21792256105270366
0,0,0.21792256105270366
0,0,0.21792256105270366
0,0,0.21792256105270366
0,0,0.21792256105270366
0,0,0.21792256105270366
0,0,0.21792256105270366
0,0,0.3226459720566165
0,0,0.3226459720566165
0,0,0.3226459720566165
0,0,0.3226459720566165
0,0,0.3226459720566165
0,0,0.3226459720566165
0,0,0.3226459720566165
0,0,0.3226459720566165
0,0,0.3226459720566165
0,0,0.20393979894998598
0,0,0.20393979894998598
0,0,0.48577180602360204
0,0,0.48577180602360204
0,0,0.3292493091524925
0,0,0.3292493091524925
0,0,0.34792839960352234
0,0,0.34792839960352234
0,0,0.33049456857727
0,0,0.33049456857727
0,0,0.33049456857727
0,0,0.49803653458729996
0,0,0.49803653458729996
0,0,0.49803653458729996
1,0,0.2667658924314239
1,0,0.27419737605010264
0,0,0.27419737605010264
0,0,0.33996347269200655
0,0,0.33996347269200655
0,0,0.33996347269200655
0,0,0.32944131866497
1,0,0.3906406859208962
1,0,0.3906406859208962
0,0,0.41566328532025554
0,0,0.3146287594463121
0,0,0.3146287594463121
0,0,0.3146287594463121
0,0,0.46047520833154243
0,0,0.46047520833154243
0,0,0.46047520833154243
0,0,0.46047520833154243
0,0,0.46047520833154243
0,0,0.46047520833154243
0,0,0.46047520833154243
0,0,0.46047520833154243
0,0,0.34406173738854934
0,0,0.34406173738854934
0,0,0.34406173738854934
1,0,0.4939824859526903
1,0,0.4939824859526903
1,0,0.3421687958438766
0,0,0.3421687958438766
0,0,0.3421687958438766
0,0,0.3421687958438766
0,0,0.3421687958438766
0,0,0.3421687958438766
0,0,0.3421687958438766
1,0,0.3421687958438766
0,0,0.3421687958438766
0,0,0.3421687958438766
0,0,0.3421687958438766
0,1,0.5800247996139641
0,1,0.5800247996139641
0,1,0.5800247996139641
0,1,0.5800247996139641
0,0,0.2328103876569884
0,0,0.2328103876569884
0,0,0.2328103876569884
0,0,0.2328103876569884
0,0,0.2328103876569884
0,0,0.2328103876569884
0,0,0.2328103876569884
1,0,0.16074500516041934
0,0,0.3481624243920745
0,0,0.22862669350388565
0,0,0.3459339617858251
0,1,0.5377985700522337
0,0,0.16284746409802128
0,0,0.16284746409802128
0,0,0.16284746409802128
0,0,0.16284746409802128
0,0,0.3248810019903125
0,0,0.3248810019903125
0,0,0.3248810019903125
0,0,0.3248810019903125
0,0,0.3248810019903125
0,0,0.3248810019903125
0,0,0.3248810019903125
0,0,0.3248810019903125
0,0,0.3248810019903125
1,0,0.3248810019903125
0,0,0.3157134395748394
0,0,0.24001970222671623
0,0,0.24001970222671623
0,0,0.24001970222671623
0,0,0.24001970222671623
0,0,0.24001970222671623
0,0,0.24001970222671623
0,0,0.26143255436477636
0,0,0.26143255436477636
0,0,0.26143255436477636
0,0,0.26143255436477636
0,0,0.26143255436477636
0,0,0.26143255436477636
0,0,0.49853495461928327
0,0,0.49853495461928327
0,0,0.49853495461928327
0,0,0.288547651768158
0,0,0.288547651768158
0,0,0.288547651768158
0,0,0.288547651768158
0,0,0.288547651768158
0,0,0.288547651768158
0,0,0.288547651768158
0,0,0.288547651768158
0,0,0.288547651768158
0,0,0.288547651768158
0,0,0.3795510330168467
0,0,0.3795510330168467
0,0,0.3795510330168467
0,0,0.3795510330168467
0,0,0.3795510330168467
0,0,0.3795510330168467
0,0,0.3795510330168467
0,0,0.281267464065178
1,0,0.281267464065178
0,0,0.281267464065178
0,0,0.4003161326704531
0,0,0.4003161326704531
0,0,0.4003161326704531
0,0,0.4003161326704531
0,0,0.4003161326704531
0,0,0.4003161326704531
0,0,0.4003161326704531
1,0,0.4003161326704531
0,0,0.4003161326704531
1,0,0.4003161326704531
1,0,0.4003161326704531
0,0,0.4003161326704531
0,0,0.22211863824571715
0,0,0.2871429929006191
0,0,0.4211233999611727
0,0,0.4211233999611727
0,0,0.2513570144455618
0,0,0.2513570144455618
0,0,0.2513570144455618
0,0,0.2513570144455618
0,0,0.2513570144455618
0,0,0.43947827354068436
0,0,0.43947827354068436
0,0,0.43947827354068436
0,0,0.43947827354068436
0,0,0.31250124406606916
0,0,0.31250124406606916
0,0,0.31250124406606916
0,0,0.31250124406606916
0,0,0.2720118455186812
0,0,0.2720118455186812
0,0,0.2720118455186812
0,0,0.2720118455186812
0,0,0.2987622994120136
0,0,0.2987622994120136
0,0,0.2738042209755874
0,0,0.2738042209755874
0,0,0.2738042209755874
0,0,0.2738042209755874
0,0,0.2738042209755874
0,0,0.2738042209755874
0,0,0.2738042209755874
0,0,0.2738042209755874
0,0,0.2738042209755874
0,0,0.2738042209755874
1,0,0.2738042209755874
0,0,0.2738042209755874
0,0,0.2738042209755874
0,0,0.2738042209755874
1,0,0.3086216999291693
0,0,0.3086216999291693
0,0,0.3086216999291693
0,0,0.3923474876366182
0,0,0.3923474876366182
0,0,0.3923474876366182
0,0,0.3923474876366182
0,0,0.3923474876366182
0,0,0.3923474876366182
0,0,0.3923474876366182
0,0,0.3923474876366182
0,0,0.3923474876366182
0,0,0.3923474876366182
0,0,0.3923474876366182
0,0,0.3923474876366182
0,0,0.3923474876366182
0,0,0.3923474876366182
0,0,0.3923474876366182
0,0,0.3923474876366182
0,0,0.3923474876366182
0,0,0.37294594271747106
0,0,0.37294594271747106
0,0,0.35600620093756613
0,0,0.35600620093756613
0,0,0.35600620093756613
0,0,0.35600620093756613
0,0,0.35600620093756613
0,0,0.35600620093756613
0,0,0.35600620093756613
0,0,0.35600620093756613
0,0,0.35600620093756613
0,0,0.35600620093756613
0,0,0.35600620093756613
0,0,0.35600620093756613
0,0,0.14621474545035773
0,0,0.14621474545035773
1,0,0.2648621521158933
1,0,0.2648621521158933
0,0,0.23134414657210844
1,0,0.23134414657210844
1,0,0.23134414657210844
1,0,0.23134414657210844
0,0,0.23134414657210844
0,0,0.23134414657210844
1,0,0.23134414657210844
0,0,0.3491636141307853
1,0,0.37657222175982014
0,0,0.41706497364476647
0,0,0.41706497364476647
0,0,0.22021071479786136
0,0,0.22021071479786136
0,0,0.22021071479786136
0,0,0.22021071479786136
0,0,0.48900962432729633
0,0,0.48900962432729633
0,0,0.23461707746928684
0,0,0.23461707746928684
0,0,0.23461707746928684
0,0,0.23461707746928684
0,0,0.23461707746928684
0,0,0.23461707746928684
0,0,0.23461707746928684
0,0,0.23461707746928684
0,0,0.23461707746928684
0,0,0.23461707746928684
0,0,0.23461707746928684
0,1,0.5160159564038774
0,1,0.5160159564038774
1,1,0.5160159564038774
0,0,0.2955599478788082
0,0,0.2955599478788082
0,0,0.2955599478788082
0,0,0.2955599478788082
0,0,0.2955599478788082
0,0,0.2955599478788082
0,0,0.2955599478788082
0,0,0.2955599478788082
0,0,0.19298118879602927
1,0,0.19298118879602927
1,0,0.19298118879602927
0,0,0.19298118879602927
1,0,0.19298118879602927
0,0,0.3347975451746693
0,0,0.3347975451746693
0,0,0.3347975451746693
0,0,0.3347975451746693
0,0,0.3347975451746693
0,0,0.31182069074374136
0,0,0.31182069074374136
0,0,0.31182069074374136
0,0,0.3200702333486115
0,0,0.3200702333486115
0,0,0.3200702333486115
1,0,0.2572104458545333
0,0,0.2572104458545333
0,0,0.2572104458545333
0,0,0.2572104458545333
0,0,0.2549572190554183
0,0,0.2549572190554183
0,0,0.2549572190554183
0,0,0.2549572190554183
0,0,0.2549572190554183
0,0,0.2549572190554183
1,0,0.2549572190554183
1,0,0.2549572190554183
0,0,0.4396711258789419
0,0,0.4396711258789419
0,0,0.34045546269757787
0,0,0.34045546269757787
0,0,0.34045546269757787
0,0,0.34045546269757787
0,0,0.34045546269757787
0,0,0.34045546269757787
0,0,0.34045546269757787
0,0,0.34045546269757787
0,0,0.34045546269757787
0,0,0.34045546269757787
0,0,0.34045546269757787
0,0,0.34045546269757787
0,0,0.34045546269757787
0,0,0.4968142710101814
0,0,0.4968142710101814
0,0,0.4968142710101814
0,0,0.4968142710101814
0,0,0.4968142710101814
0,0,0.4968142710101814
0,0,0.4968142710101814
0,0,0.4968142710101814
0,0,0.4968142710101814
0,0,0.4968142710101814
1,0,0.4968142710101814
1,0,0.4968142710101814
0,0,0.4968142710101814
0,0,0.4968142710101814
0,0,0.4968142710101814
0,0,0.3983918774790102
1,0,0.18408546719547098
0,0,0.18408546719547098
0,0,0.18408546719547098
0,0,0.32860740462261645
0,0,0.32860740462261645
0,0,0.32860740462261645
0,0,0.32860740462261645
0,0,0.32860740462261645
1,0,0.32860740462261645
0,0,0.32860740462261645
0,0,0.32860740462261645
0,0,0.32860740462261645
0,0,0.32860740462261645
0,0,0.32860740462261645
0,0,0.32860740462261645
0,0,0.4209356379076558
0,0,0.4209356379076558
0,0,0.4209356379076558
0,0,0.38419863518091213
0,0,0.38419863518091213
0,0,0.38419863518091213
0,0,0.38419863518091213
0,0,0.38419863518091213
0,0,0.38419863518091213
0,0,0.38419863518091213
0,0,0.38419863518091213
0,0,0.38419863518091213
0,0,0.38419863518091213
0,0,0.38419863518091213
0,0,0.38419863518091213
0,0,0.335153745204443
0,0,0.335153745204443
0,0,0.335153745204443
0,0,0.335153745204443
0,0,0.335153745204443
0,0,0.335153745204443
0,0,0.335153745204443
0,0,0.19911356941854408
0,0,0.19911356941854408
0,0,0.19911356941854408
0,0,0.19911356941854408
0,0,0.19911356941854408
0,0,0.19911356941854408
0,0,0.19911356941854408
1,0,0.27987653525162565
0,0,0.27987653525162565
0,0,0.20514243284710804
0,0,0.26909661526317974
0,0,0.26909661526317974
0,0,0.26909661526317974
0,0,0.26909661526317974
0,0,0.4129249889685006
0,0,0.4129249889685006
0,0,0.4129249889685006
0,0,0.36533394269928565
0,0,0.36533394269928565
0,0,0.36533394269928565
0,0,0.36533394269928565
1,0,0.27638244048365385
1,0,0.27638244048365385
0,0,0.27638244048365385
0,0,0.24424492072819132
0,0,0.24424492072819132
0,0,0.24424492072819132
0,0,0.24424492072819132
0,0,0.3026939058039859
0,0,0.3026939058039859
0,0,0.3026939058039859
0,0,0.3026939058039859
0,0,0.3026939058039859
0,0,0.3026939058039859
0,0,0.25620745546637386
0,0,0.466536569906016
0,0,0.466536569906016
0,0,0.466536569906016
0,0,0.466536569906016
0,0,0.466536569906016
0,0,0.466536569906016
0,0,0.466536569906016
0,0,0.29691553860259257
0,0,0.29691553860259257
0,0,0.29691553860259257
0,0,0.29691553860259257
0,0,0.29691553860259257
0,0,0.29691553860259257
0,0,0.29691553860259257
0,0,0.30329250543777375
0,0,0.30329250543777375
0,0,0.30329250543777375
1,0,0.30329250543777375
0,0,0.30329250543777375
0,0,0.30329250543777375
0,0,0.30329250543777375
0,0,0.30329250543777375
0,0,0.44771751062677795
0,0,0.44771751062677795
0,0,0.44771751062677795
0,0,0.44771751062677795
0,0,0.44771751062677795
0,0,0.44771751062677795
0,0,0.44771751062677795
0,0,0.44771751062677795
0,0,0.44771751062677795
0,0,0.44771751062677795
0,0,0.44771751062677795
0,0,0.44771751062677795
0,0,0.44771751062677795
0,0,0.44771751062677795
0,0,0.21871855718204836
0,0,0.3003871503070168
0,0,0.3003871503070168
0,0,0.3003871503070168
1,0,0.32059009948989875
1,0,0.32059009948989875
1,0,0.32059009948989875
1,0,0.32059009948989875
1,0,0.32059009948989875
0,0,0.3086487841324927
0,0,0.26656882108887076
1,0,0.27240746996423026
0,0,0.27240746996423026
0,0,0.27240746996423026
0,0,0.27240746996423026
0,0,0.3872415354150515
0,0,0.3872415354150515
0,0,0.3872415354150515
0,0,0.3872415354150515
0,0,0.3872415354150515
0,0,0.3872415354150515
0,0,0.3872415354150515
0,0,0.3872415354150515
0,0,0.3872415354150515
0,0,0.3872415354150515
0,0,0.3872415354150515
0,0,0.3872415354150515
0,0,0.3872415354150515
0,0,0.3972614986671183
0,0,0.3972614986671183
0,0,0.3094692608272347
0,0,0.3094692608272347
0,0,0.3094692608272347
0,0,0.3094692608272347
0,0,0.40180214507685585
1,0,0.40180214507685585
0,0,0.40180214507685585
1,0,0.40180214507685585
0,0,0.40180214507685585
0,0,0.30499049585868926
1,0,0.30499049585868926
0,0,0.30499049585868926
1,0,0.30499049585868926
0,0,0.30499049585868926
0,0,0.30499049585868926
0,0,0.30499049585868926
1,0,0.30499049585868926
0,0,0.30499049585868926
0,0,0.16525904659637156
0,0,0.3336468886236021
0,0,0.3336468886236021
0,0,0.3336468886236021
0,0,0.3336468886236021
0,0,0.3336468886236021
0,0,0.3847346417170248
0,0,0.34383640524695586
0,0,0.34383640524695586
0,0,0.34383640524695586
0,0,0.34383640524695586
0,0,0.34383640524695586
0,0,0.34383640524695586
0,0,0.34383640524695586
0,0,0.34383640524695586
0,0,0.34383640524695586
0,0,0.34383640524695586
0,0,0.25733859345491444
0,0,0.25733859345491444
0,0,0.25733859345491444
0,0,0.25733859345491444
0,0,0.30187830036261865
0,0,0.30187830036261865
0,0,0.3082082171330425
1,0,0.3082082171330425
1,0,0.3082082171330425
0,0,0.3082082171330425
0,0,0.28259208800459745
0,0,0.4275608082642012
0,0,0.28945966728542194
1,0,0.30527441488910456
1,0,0.30527441488910456
0,0,0.30527441488910456
0,0,0.30527441488910456
0,0,0.39806950379081196
0,0,0.39806950379081196
0,0,0.39806950379081196
0,0,0.39806950379081196
0,0,0.39806950379081196
0,0,0.39806950379081196
0,0,0.39806950379081196
1,0,0.24783231950206117
1,0,0.24783231950206117
0,0,0.17694623534653847
0,0,0.17694623534653847
0,0,0.17694623534653847
0,0,0.17694623534653847
0,0,0.17694623534653847
0,0,0.17694623534653847
0,0,0.17694623534653847
0,0,0.17694623534653847
0,0,0.17694623534653847
0,0,0.17694623534653847
0,0,0.3162785619205956
0,0,0.3162785619205956
0,0,0.3162785619205956
0,0,0.3162785619205956
0,0,0.3162785619205956
0,0,0.39158550654346463
0,0,0.39158550654346463
0,0,0.39158550654346463
1,0,0.2979767253479505
0,0,0.16115713570118306
0,0,0.3849238168899086
0,0,0.3849238168899086
0,0,0.3849238168899086
0,0,0.3849238168899086
0,0,0.3849238168899086
0,0,0.3849238168899086
0,0,0.3849238168899086
0,0,0.3849238168899086
0,0,0.3849238168899086
0,0,0.3849238168899086
0,0,0.3849238168899086
0,0,0.3619329556566548
0,0,0.3619329556566548
0,0,0.3619329556566548
0,0,0.3619329556566548
0,0,0.3619329556566548
0,0,0.3619329556566548
0,0,0.3619329556566548
0,0,0.3619329556566548
0,0,0.3619329556566548
0,0,0.3619329556566548
0,0,0.3619329556566548
0,0,0.35713127900973446
0,0,0.35713127900973446
0,0,0.35713127900973446
0,0,0.35713127900973446
0,0,0.2635869387700154
0,0,0.2635869387700154
0,0,0.2635869387700154
0,0,0.2635869387700154
0,0,0.2635869387700154
0,0,0.2635869387700154
0,0,0.31744326403222306
0,0,0.31744326403222306
0,0,0.31744326403222306
0,0,0.31744326403222306
0,0,0.31744326403222306
0,0,0.31744326403222306
0,0,0.31744326403222306
0,0,0.31744326403222306
0,0,0.31744326403222306
0,0,0.23598595741756515
0,0,0.23598595741756515
0,0,0.23598595741756515
0,0,0.23598595741756515
0,0,0.23598595741756515
0,0,0.23598595741756515
0,0,0.1920100489814589
0,0,0.4291904461785373
0,0,0.4291904461785373
0,0,0.44390547514488937
0,0,0.44390547514488937
0,0,0.22254174759637776
0,0,0.4615725611645769
1,0,0.33057496528608565
0,0,0.33057496528608565
1,0,0.33057496528608565
1,0,0.33057496528608565
0,0,0.22141668617037993
0,0,0.22141668617037993
0,0,0.22141668617037993
0,0,0.22141668617037993
0,0,0.22141668617037993
0,1,0.677165230819752
0,0,0.21517526600365414
0,0,0.21517526600365414
0,0,0.21517526600365414
0,0,0.21517526600365414
0,0,0.21517526600365414
0,0,0.21517526600365414
0,0,0.21517526600365414
0,0,0.21517526600365414
0,0,0.2146687056215059
0,0,0.2146687056215059
0,0,0.2146687056215059
0,0,0.44340230518245977
0,0,0.44340230518245977
0,0,0.44340230518245977
0,0,0.44340230518245977
0,0,0.44340230518245977
0,0,0.44340230518245977
1,0,0.28046901376547945
1,0,0.28046901376547945
0,0,0.28046901376547945
1,0,0.28046901376547945
1,0,0.28046901376547945
1,0,0.28046901376547945
1,0,0.28046901376547945
0,0,0.28046901376547945
1,0,0.28046901376547945
0,0,0.28046901376547945
0,0,0.28046901376547945
0,0,0.25410411921615556
0,0,0.31593942586070506
0,0,0.31593942586070506
0,0,0.31593942586070506
1,0,0.28895128921373375
0,0,0.28895128921373375
0,0,0.28895128921373375
1,0,0.28895128921373375
0,0,0.28895128921373375
0,0,0.28895128921373375
0,0,0.28895128921373375
0,0,0.28895128921373375
0,0,0.23932782989159956
0,1,0.5289556396191112
0,1,0.5289556396191112
0,1,0.5289556396191112
0,0,0.3119402753244344
0,0,0.3119402753244344
1,0,0.3119402753244344
0,0,0.3119402753244344
0,0,0.33810084857019973
0,0,0.33810084857019973
0,0,0.33810084857019973
0,0,0.33810084857019973
0,0,0.33810084857019973
0,0,0.33810084857019973
0,0,0.33810084857019973
0,0,0.33810084857019973
0,0,0.33810084857019973
0,0,0.33810084857019973
0,0,0.33810084857019973
0,0,0.22478696872889867
0,0,0.22478696872889867
0,0,0.22478696872889867
0,0,0.22478696872889867
0,0,0.22478696872889867
0,0,0.22478696872889867
1,0,0.22478696872889867
0,0,0.22478696872889867
0,0,0.22478696872889867
0,0,0.22478696872889867
0,0,0.22478696872889867
0,0,0.22478696872889867
0,0,0.22478696872889867
0,0,0.22478696872889867
0,0,0.22478696872889867
1,0,0.39545275088978576
1,0,0.39545275088978576
0,0,0.39545275088978576
1,0,0.39545275088978576
0,0,0.39545275088978576
0,0,0.39545275088978576
1,0,0.39545275088978576
0,0,0.39545275088978576
0,0,0.39545275088978576
0,0,0.3507844667787034
0,0,0.4079936368678109
0,0,0.4079936368678109
0,0,0.4079936368678109
0,0,0.4079936368678109
0,0,0.4079936368678109
0,0,0.4079936368678109
0,0,0.4079936368678109
0,0,0.4079936368678109
0,0,0.3476485798507872
0,0,0.3476485798507872
1,0,0.3476485798507872
1,0,0.3476485798507872
0,0,0.20060557254692946
0,0,0.20060557254692946
0,0,0.20060557254692946
0,0,0.20060557254692946
0,0,0.20060557254692946
0,0,0.20060557254692946
0,0,0.20060557254692946
0,0,0.20060557254692946
0,0,0.20060557254692946
0,0,0.20060557254692946
0,0,0.20060557254692946
0,0,0.20060557254692946
0,1,0.5107057132372502
0,1,0.5107057132372502
0,1,0.5107057132372502
0,1,0.5107057132372502
0,0,0.3570012975696308
0,0,0.24761777076030328
1,0,0.24761777076030328
1,0,0.24761777076030328
0,0,0.34541279652812923
0,0,0.34541279652812923
0,0,0.34541279652812923
0,0,0.34541279652812923
0,0,0.34541279652812923
0,0,0.34541279652812923
0,0,0.34541279652812923
1,0,0.3315012069540172
1,0,0.3315012069540172
1,0,0.3315012069540172
1,0,0.3315012069540172
0,0,0.3315012069540172
1,0,0.28896536113695764
0,0,0.28896536113695764
0,0,0.28896536113695764
1,0,0.28896536113695764
0,0,0.28896536113695764
0,0,0.28896536113695764
0,0,0.28896536113695764
0,0,0.28896536113695764
0,0,0.28896536113695764
0,0,0.28896536113695764
0,0,0.28896536113695764
0,0,0.28896536113695764
0,0,0.28896536113695764
0,0,0.28896536113695764
0,0,0.28896536113695764
1,0,0.28896536113695764
0,0,0.17248344122866816
0,0,0.17248344122866816
0,0,0.2947359590382915
0,0,0.2947359590382915
0,0,0.2947359590382915
0,0,0.2947359590382915
1,0,0.22699520761819808
0,0,0.1965168382745021
0,0,0.3474099188947744
0,0,0.419876882693894
0,0,0.419876882693894
0,0,0.3942903711983147
0,0,0.3218513280001963
1,0,0.3131367790233255
1,0,0.2812562982559274
1,0,0.3677146882181039
0,0,0.3947349612444057
1,0,0.3699737414768995
0,0,0.3515669049200407
0,0,0.2329637252658169
0,0,0.3880230993873823
0,0,0.18265160138365386
0,0,0.18265160138365386
0,0,0.32395946904701844
0,0,0.32395946904701844
0,0,0.32395946904701844
0,0,0.22859681644900437
0,0,0.22859681644900437
0,0,0.3928169254179895
0,0,0.28427981478600384
0,0,0.3204252910928714
0,0,0.3204252910928714
0,0,0.28307125034534036
0,0,0.4515070847896784
1,0,0.32054136101901776
0,0,0.3580525302158618
0,0,0.2734893878765761
0,0,0.2734893878765761
0,0,0.24461478316712848
0,0,0.23483934167487266
0,0,0.23483934167487266
0,0,0.23483934167487266
0,0,0.4350749561815867
0,0,0.18620326686913635
0,0,0.18620326686913635
0,0,0.3164492867308483
1,0,0.30637317447380275
1,0,0.32272219030422095
0,0,0.28928324504798897
0,0,0.24484763436925147
0,0,0.22228194205869692
0,0,0.23643003671918023
0,0,0.3094220777109363
0,0,0.3094220777109363
0,0,0.19964746876445497
0,0,0.19964746876445497
0,0,0.19964746876445497
0,0,0.19964746876445497
0,0,0.19964746876445497
0,0,0.19964746876445497
0,0,0.19964746876445497
0,0,0.19964746876445497
0,0,0.3505749788922763
0,0,0.3505749788922763
0,0,0.3505749788922763
0,0,0.22742142208190647
0,0,0.22742142208190647
0,0,0.22742142208190647
0,0,0.4133538392787004
0,0,0.4133538392787004
0,0,0.4133538392787004
0,0,0.4133538392787004
0,0,0.4133538392787004
0,0,0.4133538392787004
0,0,0.4133538392787004
0,0,0.4133538392787004
0,0,0.4133538392787004
0,0,0.4133538392787004
0,0,0.4133538392787004
0,0,0.4133538392787004
1,0,0.2741876519713996
1,0,0.2741876519713996
0,0,0.46211905837827644
0,0,0.37223694797094836
0,0,0.37223694797094836
0,0,0.29264342983250996
0,0,0.29264342983250996
0,0,0.29264342983250996
0,0,0.32317886192325784
0,0,0.32317886192325784
0,0,0.32317886192325784
0,0,0.32317886192325784
0,0,0.32317886192325784
0,0,0.32317886192325784
0,0,0.32317886192325784
0,0,0.32317886192325784
0,0,0.32317886192325784
0,0,0.32317886192325784
0,0,0.32317886192325784
0,0,0.3896915508109804
0,0,0.3896915508109804
0,0,0.3896915508109804
0,0,0.4830546549538291
0,0,0.1936659803890594
0,0,0.1936659803890594
0,0,0.33395248844257497
0,0,0.33395248844257497
0,0,0.33395248844257497
0,0,0.33395248844257497
0,0,0.33395248844257497
0,0,0.33395248844257497
0,0,0.33395248844257497
0,0,0.33395248844257497
0,0,0.33395248844257497
0,0,0.3315031278521271
0,0,0.3315031278521271
0,0,0.3315031278521271
0,0,0.3315031278521271
0,0,0.3315031278521271
0,0,0.3315031278521271
0,0,0.3315031278521271
0,0,0.3315031278521271
0,0,0.27530000168836344
0,0,0.27530000168836344
0,0,0.27530000168836344
0,1,0.5231423428798857
0,1,0.5231423428798857
0,1,0.5231423428798857
0,0,0.2728354046301765
0,0,0.2728354046301765
0,0,0.2657251596571092
0,0,0.2657251596571092
0,0,0.2657251596571092
0,0,0.3233698713148619
0,0,0.3233698713148619
0,0,0.3233698713148619
0,0,0.3233698713148619
0,0,0.35619910048978
0,0,0.35619910048978
0,0,0.35619910048978
0,0,0.365731428313924
0,0,0.365731428313924
0,0,0.365731428313924
0,0,0.365731428313924
0,0,0.365731428313924
0,0,0.365731428313924
1,0,0.41590494695090974
0,0,0.41590494695090974
0,0,0.41590494695090974
1,0,0.41590494695090974
1,0,0.41590494695090974
0,0,0.41590494695090974
1,0,0.41590494695090974
0,0,0.41590494695090974
0,0,0.25875565066966455
0,0,0.25875565066966455
0,0,0.25875565066966455
0,0,0.35228531259901125
0,0,0.35228531259901125
0,0,0.35228531259901125
1,0,0.2984899403488647
0,0,0.2984899403488647
0,0,0.2976757965127248
0,0,0.2976757965127248
0,0,0.2976757965127248
0,0,0.2976757965127248
0,0,0.2976757965127248
0,0,0.32299175320755763
0,0,0.32299175320755763
0,0,0.32299175320755763
0,0,0.32299175320755763
0,0,0.4042730453525051
0,0,0.4042730453525051
0,0,0.4042730453525051
0,0,0.4042730453525051
0,0,0.36314593065570633
0,0,0.36314593065570633
0,0,0.36314593065570633
0,0,0.3404320216327539
0,0,0.3404320216327539
1,0,0.3404320216327539
0,0,0.3404320216327539
0,0,0.3404320216327539
0,0,0.3404320216327539
0,0,0.3404320216327539
0,0,0.3404320216327539
0,0,0.3404320216327539
0,0,0.3404320216327539
0,0,0.3404320216327539
0,0,0.3404320216327539
0,0,0.3404320216327539
0,0,0.3404320216327539
0,0,0.3404320216327539
0,0,0.3404320216327539
0,0,0.3404320216327539
0,0,0.3404320216327539
0,0,0.347072983222262
1,0,0.347072983222262
0,0,0.347072983222262
0,0,0.2921970442342394
0,0,0.2921970442342394
0,0,0.2921970442342394
0,0,0.2921970442342394
0,0,0.2921970442342394
0,0,0.3871420183702122
0,0,0.4147284051463606
0,0,0.2979875681900573
0,0,0.2979875681900573
0,0,0.2979875681900573
0,0,0.2979875681900573
0,0,0.2979875681900573
0,0,0.2979875681900573
0,0,0.2979875681900573
1,0,0.31077948547697903
0,0,0.31077948547697903
1,0,0.31077948547697903
0,0,0.31077948547697903
1,0,0.31077948547697903
1,0,0.31077948547697903
0,0,0.31077948547697903
0,0,0.31077948547697903
1,0,0.436547711780477
1,0,0.436547711780477
0,0,0.3200624045361626
0,0,0.3200624045361626
0,0,0.4156733942162535
0,0,0.4156733942162535
0,0,0.4156733942162535
0,0,0.4156733942162535
1,0,0.24723065991217677
0,0,0.24723065991217677
0,0,0.24723065991217677
1,0,0.24723065991217677
0,0,0.24723065991217677
0,0,0.24723065991217677
0,0,0.24723065991217677
0,0,0.24723065991217677
1,0,0.24723065991217677
0,0,0.37290193585327036
0,0,0.42480424163516056
0,0,0.42480424163516056
0,0,0.34977469615175205
0,0,0.34977469615175205
0,0,0.34977469615175205
0,0,0.34977469615175205
1,0,0.4044886361088592
0,0,0.4044886361088592
0,0,0.4044886361088592
0,0,0.4044886361088592
0,0,0.4044886361088592
0,0,0.4044886361088592
0,0,0.4044886361088592
0,0,0.4044886361088592
0,0,0.4044886361088592
0,0,0.2710174111319212
0,0,0.2710174111319212
0,0,0.2710174111319212
0,0,0.2710174111319212
0,0,0.2710174111319212
0,0,0.2710174111319212
1,0,0.2949715276326908
0,0,0.3598234530714873
0,0,0.326347288564395
0,0,0.326347288564395
0,0,0.326347288564395
0,0,0.326347288564395
0,0,0.326347288564395
0,0,0.3094480497065879
1,0,0.42006990009689515
0,0,0.29928424031281176
0,0,0.24464333727491017
1,0,0.24464333727491017
1,0,0.22114361885089542
0,0,0.22114361885089542
1,0,0.22114361885089542
0,0,0.22114361885089542
1,0,0.22114361885089542
1,0,0.2485864132650374
1,0,0.2485864132650374
0,0,0.21770588166069177
0,0,0.3019889551932783
0,0,0.244450219873652
0,0,0.244450219873652
0,0,0.244450219873652
0,0,0.4390846953926469
0,0,0.2610066212647844
0,0,0.2610066212647844
0,0,0.2610066212647844
0,0,0.2610066212647844
0,0,0.2610066212647844
0,0,0.2610066212647844
0,0,0.2610066212647844
0,0,0.2610066212647844
0,0,0.35186022758183483
0,0,0.35186022758183483
0,0,0.35186022758183483
0,0,0.400219392205689
0,0,0.400219392205689
0,0,0.400219392205689
0,0,0.400219392205689
0,0,0.2862319073490272
0,0,0.2862319073490272
0,0,0.20200957396921368
0,0,0.20200957396921368
0,0,0.1537344830996675
0,0,0.36416565705651943
0,0,0.36416565705651943
0,0,0.36416565705651943
0,0,0.36416565705651943
1,0,0.2876868126565198
1,0,0.34234392036916844
0,0,0.34234392036916844
0,0,0.34850472619224276
0,0,0.34850472619224276
0,0,0.34850472619224276
0,0,0.2644551342315423
0,0,0.2644551342315423
0,0,0.2644551342315423
0,0,0.2644551342315423
0,0,0.29354410281520216
0,0,0.29354410281520216
0,0,0.29354410281520216
0,0,0.29354410281520216
0,0,0.29354410281520216
0,0,0.35231739345609353
0,0,0.35231739345609353
0,0,0.35231739345609353
0,0,0.18087073664156766
0,0,0.18087073664156766
0,0,0.18087073664156766
0,0,0.18087073664156766
0,0,0.18087073664156766
0,0,0.39970790933939476
0,0,0.4710210691199611
0,0,0.4710210691199611
0,0,0.4710210691199611
0,0,0.4710210691199611
0,0,0.4710210691199611
0,0,0.4710210691199611
0,0,0.3420794018436966
0,0,0.3420794018436966
1,0,0.3420794018436966
0,0,0.3479701618122353
0,0,0.3479701618122353
0,0,0.3479701618122353
0,0,0.3479701618122353
1,0,0.3479701618122353
1,0,0.3479701618122353
0,0,0.3479701618122353
0,0,0.3479701618122353
0,0,0.3479701618122353
0,0,0.3383647264016973
0,0,0.3383647264016973
0,0,0.3383647264016973
1,0,0.4245576396875797
1,0,0.4245576396875797
1,0,0.42081857092130165
0,0,0.42081857092130165
1,0,0.42081857092130165
1,0,0.42081857092130165
0,0,0.42081857092130165
1,0,0.42081857092130165
1,0,0.42081857092130165
0,0,0.42081857092130165
0,0,0.42779197892323795
0,0,0.42779197892323795
0,0,0.373869880329038
0,0,0.3009711082556918
0,0,0.3294311512395046
0,0,0.41051272369604497
0,0,0.28976745425846945
0,0,0.4739168904278429
0,0,0.4739168904278429
1,0,0.4739168904278429
1,0,0.4739168904278429
0,0,0.2578737466241838
0,0,0.37459501502686565
1,0,0.40246318548745363
1,0,0.32255081138673547
0,0,0.38118293153937294
1,0,0.3151258575005809
0,0,0.23773747970279618
1,0,0.23858683966039393
0,0,0.3050677124481676
0,0,0.2501861471798846
0,0,0.34933861964401514
0,0,0.29792832923966345
0,0,0.3275624340099732
0,0,0.3275624340099732
0,0,0.37651002103569725
0,0,0.40234597496497015
0,0,0.40234597496497015
0,0,0.21169077783023518
0,0,0.30875059377153435
0,0,0.2546336153307522
0,0,0.28094998186468423
1,0,0.28094998186468423
0,0,0.30439246273416265
0,0,0.24759880401532292
0,0,0.34969502067192393
0,0,0.34969502067192393
0,0,0.37734933459063585
0,0,0.403482624398379
0,0,0.25805743890789823
0,0,0.3097626425260945
0,0,0.3097626425260945
0,0,0.3097626425260945
0,1,0.6743983143497597
0,0,0.41610529313546124
0,0,0.4726021688539248
0,0,0.338907703615332
0,0,0.35477997409536427
0,0,0.24318082136700653
0,0,0.28749938490175403
1,0,0.28749938490175403
0,0,0.30788252357515933
1,0,0.26456920237369114
0,0,0.26456920237369114
0,0,0.17814386346753658
1,0,0.2766880488888728
0,0,0.3676677762567654
0,0,0.4056369796733059
0,0,0.32564892012765667
0,0,0.3230371256065072
0,0,0.3016540574757917
0,0,0.36933787942923885
0,0,0.36933787942923885
0,0,0.36933787942923885
0,0,0.36933787942923885
0,0,0.36933787942923885
0,0,0.36933787942923885
0,0,0.36933787942923885
0,0,0.36933787942923885
0,0,0.3938871607612102
0,0,0.31558978791659575
1,0,0.31183339551210887
0,0,0.24720717928436803
0,0,0.24720717928436803
0,0,0.30446889098883195
0,0,0.30446889098883195
1,0,0.4587852257526567
0,0,0.4466712846230112
0,0,0.4135264651787302
0,0,0.2096370146581724
1,0,0.2096370146581724
0,0,0.2096370146581724
1,0,0.2096370146581724
1,0,0.2096370146581724
1,0,0.4607357443919822
0,0,0.3462297081460782
0,0,0.2085742325349211
0,0,0.2722091744439885
0,0,0.2337352834038988
0,0,0.2337352834038988
0,0,0.39029582852527206
0,0,0.39029582852527206
0,0,0.28729875085435064
0,0,0.28729875085435064
0,0,0.4332502444328232
0,0,0.4332502444328232
0,0,0.400493051712145
0,0,0.2960252262098281
0,0,0.2960252262098281
0,0,0.2960252262098281
0,0,0.2960252262098281
0,0,0.2960252262098281
0,0,0.2960252262098281
0,0,0.2960252262098281
0,0,0.2960252262098281
0,0,0.2960252262098281
0,0,0.2960252262098281
0,0,0.32995214475402757
0,0,0.32995214475402757
0,0,0.32995214475402757
0,0,0.32995214475402757
0,0,0.32995214475402757
0,0,0.32995214475402757
0,0,0.32995214475402757
0,0,0.32995214475402757
0,0,0.41166907544861103
0,0,0.41166907544861103
0,0,0.41166907544861103
0,0,0.41166907544861103
0,0,0.41166907544861103
0,0,0.2220963150615104
0,0,0.32091593097061194
0,0,0.32091593097061194
0,0,0.32091593097061194
0,0,0.32091593097061194
0,0,0.32091593097061194
0,0,0.31183128426152273
0,0,0.31183128426152273
0,0,0.22631142110904137
0,0,0.22631142110904137
0,0,0.22631142110904137
0,0,0.22631142110904137
0,0,0.22631142110904137
0,0,0.23803659050980067
0,0,0.23803659050980067
0,0,0.2557552205747673
0,0,0.2557552205747673
0,0,0.2557552205747673
0,0,0.2965536394778749
0,0,0.2965536394778749
0,0,0.2965536394778749
0,0,0.2965536394778749
0,0,0.46997589806227963
0,0,0.46997589806227963
0,0,0.46997589806227963
0,0,0.46997589806227963
0,0,0.46997589806227963
0,0,0.23037550689945113
0,0,0.23037550689945113
0,0,0.23037550689945113
0,0,0.23037550689945113
0,0,0.23037550689945113
0,0,0.23037550689945113
0,0,0.23037550689945113
0,0,0.23037550689945113
0,0,0.23037550689945113
0,0,0.23037550689945113
0,0,0.23037550689945113
0,0,0.14614706440716432
0,0,0.14614706440716432
0,0,0.14614706440716432
0,0,0.14614706440716432
0,0,0.14614706440716432
0,0,0.14614706440716432
0,0,0.14614706440716432
0,0,0.14614706440716432
0,0,0.14614706440716432
0,0,0.4240457284575245
0,0,0.4240457284575245
0,0,0.4240457284575245
0,0,0.4240457284575245
0,0,0.4240457284575245
0,0,0.4240457284575245
0,0,0.4240457284575245
0,0,0.4240457284575245
0,0,0.4240457284575245
0,0,0.31928484706386595
0,0,0.31928484706386595
0,0,0.31928484706386595
0,0,0.26196765246027504
0,0,0.3167674350850329
0,0,0.3167674350850329
0,0,0.3167674350850329
0,0,0.3167674350850329
0,0,0.29364631732015867
1,0,0.43311438216494347
0,0,0.18527196658138723
0,0,0.22254301986963776
0,0,0.22254301986963776
0,0,0.34300181035419974
1,0,0.32307916148463645
0,0,0.3891489397767744
0,0,0.24381336025615055
1,0,0.4533033667496634
0,0,0.4310957483608424
0,0,0.2822548105173113
0,0,0.2822548105173113
0,0,0.31323374093813156
0,0,0.30608631075949816
0,0,0.30608631075949816
0,1,0.6055248788704463
0,1,0.5515015538387489
0,0,0.325908685633951
0,1,0.5189981241606175
0,0,0.3010558408793092
0,0,0.42483775493246767
0,0,0.2520534242995011
1,0,0.3054653746194684
0,0,0.2925521189091924
0,0,0.26386265107309753
0,0,0.3414462500595748
0,0,0.3414462500595748
0,0,0.3414462500595748
0,0,0.3414462500595748
1,1,0.5573367652337364
0,1,0.5573367652337364
0,0,0.24264252570393985
0,0,0.3639769622131357
0,0,0.3639769622131357
0,0,0.3639769622131357
0,0,0.34179580498007495
0,0,0.18785955639055307
0,0,0.3029865927195678
1,0,0.3029865927195678
0,0,0.3029865927195678
0,0,0.3029865927195678
0,0,0.3029865927195678
0,0,0.3029865927195678
0,0,0.3029865927195678
0,0,0.3029865927195678
0,0,0.3029865927195678
0,0,0.3029865927195678
0,0,0.3029865927195678
0,0,0.43613121412137285
0,0,0.43613121412137285
0,0,0.43613121412137285
0,0,0.43613121412137285
0,0,0.43613121412137285
0,0,0.43613121412137285
0,0,0.43613121412137285
0,0,0.43613121412137285
0,0,0.43613121412137285
0,0,0.43613121412137285
0,0,0.47140604688807763
0,0,0.2866756708471847
0,0,0.24123688561688167
0,0,0.24123688561688167
0,0,0.24123688561688167
0,0,0.24123688561688167
0,0,0.24123688561688167
0,0,0.24123688561688167
0,0,0.23434965563655813
0,0,0.2973687812343151
1,0,0.38458202136649755
0,0,0.29319546977990624
0,0,0.29319546977990624
0,0,0.3711529132163649
1,0,0.3711529132163649
0,0,0.28275586939050223
0,0,0.28275586939050223
0,0,0.28275586939050223
0,0,0.28275586939050223
0,0,0.28275586939050223
0,0,0.2868569684916541
0,0,0.36162295665651145
0,0,0.36162295665651145
0,0,0.36162295665651145
0,0,0.36162295665651145
0,0,0.36162295665651145
0,0,0.36162295665651145
0,0,0.36162295665651145
0,0,0.40070103244414035
0,0,0.40070103244414035
0,0,0.40070103244414035
0,0,0.40070103244414035
0,0,0.40070103244414035
0,0,0.2012004383256965
0,0,0.2012004383256965
0,0,0.2012004383256965
0,0,0.2012004383256965
0,0,0.2012004383256965
0,0,0.41534908682517335
0,0,0.3018513953756241
0,1,0.5346395133061492
0,1,0.5346395133061492
0,1,0.5346395133061492
0,0,0.3223026955408098
0,0,0.3223026955408098
0,0,0.3223026955408098
0,0,0.3223026955408098
0,1,0.5972828791219861
0,0,0.29176024389827676
0,0,0.29176024389827676
0,0,0.29176024389827676
1,0,0.29176024389827676
1,0,0.29176024389827676
0,0,0.2813951534306328
0,0,0.28778652693053197
0,0,0.28778652693053197
0,0,0.32808975227229714
0,0,0.32808975227229714
0,0,0.32808975227229714
0,0,0.1756799302764954
0,0,0.1756799302764954
0,0,0.1756799302764954
0,0,0.1756799302764954
0,0,0.1756799302764954
0,0,0.27947482917018585
0,0,0.27947482917018585
0,0,0.31586347725528857
0,0,0.3393094574241376
0,0,0.3393094574241376
0,0,0.3393094574241376
0,0,0.1648310868422803
0,0,0.1648310868422803
0,0,0.4573950670556288
0,0,0.43104462601630117
0,0,0.43104462601630117
0,0,0.2523758826746534
0,0,0.2523758826746534
0,0,0.2523758826746534
0,0,0.2523758826746534
0,0,0.2523758826746534
0,0,0.2523758826746534
0,0,0.2523758826746534
0,0,0.2523758826746534
0,0,0.2523758826746534
0,0,0.2523758826746534
0,0,0.3154516449218021
0,0,0.3154516449218021
0,0,0.47141971754739587
0,0,0.36630237835916196
0,0,0.33199337920449146
0,0,0.33199337920449146
0,0,0.33199337920449146
0,0,0.33199337920449146
0,0,0.33199337920449146
0,0,0.33199337920449146
0,0,0.33199337920449146
0,0,0.47282781693410425
0,0,0.47282781693410425
0,0,0.47282781693410425
0,0,0.21030008508662068
0,0,0.21030008508662068
0,0,0.21030008508662068
0,0,0.21030008508662068
1,0,0.21030008508662068
0,0,0.21030008508662068
0,0,0.21030008508662068
0,0,0.21030008508662068
0,0,0.21030008508662068
0,0,0.21030008508662068
0,0,0.21030008508662068
0,0,0.21030008508662068
0,0,0.21030008508662068
0,0,0.21030008508662068
0,0,0.21030008508662068
0,0,0.21030008508662068
0,0,0.21030008508662068
0,0,0.21030008508662068
0,0,0.31487505509417457
0,0,0.31487505509417457
1,0,0.31487505509417457
0,0,0.31487505509417457
0,0,0.31487505509417457
0,0,0.31487505509417457
0,0,0.31487505509417457
0,0,0.36387660606309824
0,0,0.3919505503016925
0,0,0.3919505503016925
0,0,0.3919505503016925
0,0,0.3919505503016925
0,0,0.3919505503016925
0,0,0.3919505503016925
0,0,0.3919505503016925
0,0,0.3919505503016925
1,0,0.3919505503016925
0,0,0.3919505503016925
0,0,0.3919505503016925
0,0,0.3919505503016925
1,0,0.31682063216908785
0,0,0.31682063216908785
0,0,0.31682063216908785
0,0,0.31682063216908785
0,0,0.31682063216908785
0,0,0.31682063216908785
0,0,0.31682063216908785
0,0,0.31682063216908785
0,0,0.31682063216908785
0,0,0.2694375881660094
0,0,0.2694375881660094
0,0,0.2694375881660094
1,0,0.2694375881660094
0,0,0.2694375881660094
0,0,0.33130147540986177
0,0,0.33130147540986177
0,0,0.33130147540986177
1,0,0.33130147540986177
1,0,0.33130147540986177
0,0,0.33130147540986177
0,0,0.33130147540986177
0,0,0.33130147540986177
1,0,0.33130147540986177
0,0,0.2687655244577098
0,0,0.3308768393348943
0,0,0.3308768393348943
0,0,0.3308768393348943
0,0,0.3308768393348943
1,0,0.3218271962257157
0,0,0.2850232684299778
0,0,0.3774166077377772
0,0,0.3774166077377772
0,0,0.3774166077377772
0,1,0.5526956925024573
0,0,0.2764853776426193
0,0,0.2764853776426193
0,0,0.399224745906603
0,0,0.399224745906603
0,0,0.28693824681160507
0,0,0.28693824681160507
0,0,0.34260353571598967
0,0,0.44552476507010624
1,0,0.34327068681045797
0,0,0.2987919914197483
0,0,0.3763174745833199
0,0,0.45219704454398213
0,0,0.45219704454398213
0,0,0.3371340817870383
0,0,0.3371340817870383
0,0,0.286606921411731
0,0,0.286606921411731
1,0,0.286606921411731
0,0,0.286606921411731
0,0,0.286606921411731
0,0,0.286606921411731
1,0,0.286606921411731
0,0,0.286606921411731
0,0,0.286606921411731
1,0,0.41709810165992117
1,0,0.41709810165992117
1,0,0.41709810165992117
0,0,0.23549623971821745
0,0,0.23549623971821745
0,0,0.3110795819367037
0,0,0.18856758731498624
0,0,0.18856758731498624
0,0,0.18856758731498624
1,0,0.18856758731498624
0,0,0.18856758731498624
1,0,0.18856758731498624
0,0,0.3046466588270154
0,0,0.3046466588270154
0,0,0.3046466588270154
0,0,0.3046466588270154
0,0,0.3046466588270154
0,0,0.18124215368307317
0,0,0.18124215368307317
0,0,0.18124215368307317
0,0,0.18124215368307317
0,0,0.18124215368307317
0,0,0.18124215368307317
0,0,0.18124215368307317
0,0,0.18124215368307317
0,0,0.18124215368307317
0,0,0.18124215368307317
0,0,0.18124215368307317
0,0,0.2756447032445069
0,0,0.2905404612252406
0,0,0.2905404612252406
0,0,0.2905404612252406
0,0,0.2905404612252406
0,0,0.2905404612252406
0,0,0.2905404612252406
0,0,0.2905404612252406
0,0,0.2905404612252406
0,0,0.2905404612252406
1,0,0.2905404612252406
0,0,0.2905404612252406
0,0,0.2905404612252406
0,0,0.2905404612252406
0,0,0.2905404612252406
0,0,0.2905404612252406
0,0,0.2905404612252406
0,0,0.33676730158638724
0,0,0.33676730158638724
0,0,0.33676730158638724
0,0,0.33676730158638724
0,0,0.33676730158638724
0,0,0.33676730158638724
0,0,0.33676730158638724
0,0,0.33676730158638724
0,0,0.33676730158638724
0,0,0.33676730158638724
0,0,0.33676730158638724
0,0,0.33676730158638724
0,0,0.33676730158638724
0,0,0.33676730158638724
0,0,0.33676730158638724
0,0,0.32904302895245247
0,0,0.32904302895245247
0,0,0.32904302895245247
0,0,0.32904302895245247
0,0,0.32904302895245247
0,0,0.2982374094053562
1,0,0.3061160873235419
1,0,0.3061160873235419
0,0,0.2404086861938701
0,0,0.2404086861938701
0,0,0.2404086861938701
0,0,0.2404086861938701
0,0,0.2404086861938701
0,0,0.2404086861938701
0,0,0.3151389231338356
0,0,0.20900784021549457
1,0,0.20900784021549457
0,0,0.20900784021549457
1,0,0.20900784021549457
1,0,0.20900784021549457
0,0,0.2190759093202262
0,0,0.2190759093202262
0,0,0.2190759093202262
0,0,0.2190759093202262
1,0,0.2190759093202262
0,0,0.2190759093202262
0,0,0.2190759093202262
0,0,0.2190759093202262
0,0,0.2190759093202262
0,0,0.3880171521362451
1,0,0.22115846375221143
1,0,0.22115846375221143
0,0,0.3214288541820705
0,0,0.3214288541820705
0,0,0.3214288541820705
0,0,0.3214288541820705
0,0,0.3214288541820705
0,0,0.3214288541820705
0,0,0.3214288541820705
0,0,0.3214288541820705
0,0,0.3214288541820705
0,0,0.3214288541820705
0,0,0.2508654023290874
0,0,0.37780408665421883
0,0,0.37780408665421883
0,0,0.37780408665421883
0,0,0.37780408665421883
0,0,0.37780408665421883
0,0,0.37047584808817796
0,0,0.37047584808817796
0,0,0.37047584808817796
0,0,0.37047584808817796
0,0,0.3274346416365499
0,0,0.3274346416365499
0,0,0.3274346416365499
0,0,0.3274346416365499
0,0,0.3274346416365499
0,0,0.3274346416365499
0,0,0.3223479914126123
0,0,0.3223479914126123
0,0,0.3223479914126123
0,0,0.3223479914126123
0,0,0.3223479914126123
0,0,0.3223479914126123
0,0,0.3223479914126123
0,0,0.3223479914126123
0,0,0.3223479914126123
0,0,0.2876585802350076
0,0,0.2876585802350076
1,0,0.2876585802350076
0,0,0.2876585802350076
0,0,0.34575219085618547
0,0,0.34575219085618547
0,0,0.34575219085618547
0,0,0.34575219085618547
0,0,0.34575219085618547
0,0,0.34575219085618547
0,0,0.28878560181469204
0,0,0.28878560181469204
0,0,0.28878560181469204
1,0,0.28878560181469204
1,0,0.28878560181469204
0,0,0.28878560181469204
0,0,0.28878560181469204
0,0,0.28878560181469204
0,0,0.28878560181469204
0,0,0.3515975705297318
1,0,0.3515975705297318
1,0,0.3515975705297318
1,0,0.3515975705297318
1,0,0.3515975705297318
0,0,0.3736137294933387
0,0,0.3736137294933387
0,0,0.3736137294933387
0,0,0.19881401258816314
0,0,0.19881401258816314
0,0,0.19881401258816314
0,0,0.19881401258816314
0,0,0.19881401258816314
0,0,0.19881401258816314
0,0,0.19881401258816314
0,0,0.19881401258816314
0,0,0.19881401258816314
0,0,0.19881401258816314
1,0,0.27662460605103745
0,0,0.2851971283964356
0,0,0.2851971283964356
0,0,0.17060354550956305
0,0,0.17060354550956305
0,0,0.17060354550956305
0,0,0.17060354550956305
1,0,0.17060354550956305
0,0,0.17060354550956305
0,0,0.17060354550956305
0,0,0.3507179376694939
0,0,0.3507179376694939
0,0,0.3507179376694939
0,0,0.3507179376694939
0,0,0.3507179376694939
0,0,0.3507179376694939
0,0,0.3507179376694939
0,0,0.3507179376694939
0,0,0.3507179376694939
0,0,0.3507179376694939
0,0,0.25359286041725454
0,0,0.25359286041725454
0,0,0.25359286041725454
0,0,0.25359286041725454
0,0,0.25359286041725454
0,0,0.25359286041725454
0,0,0.3338972921454964
0,0,0.3338972921454964
0,0,0.3338972921454964
0,0,0.3338972921454964
0,0,0.3338972921454964
0,0,0.3338972921454964
0,0,0.3338972921454964
0,0,0.47680204608408117
0,0,0.47680204608408117
0,0,0.47680204608408117
0,0,0.47680204608408117
0,0,0.47680204608408117
0,0,0.47680204608408117
0,0,0.47680204608408117
0,0,0.47680204608408117
0,0,0.47680204608408117
0,0,0.47680204608408117
0,0,0.47680204608408117
0,0,0.47680204608408117
1,0,0.47680204608408117
0,0,0.28324003054869384
1,0,0.2538471096716034
0,0,0.3121671191713807
0,0,0.3121671191713807
0,0,0.3121671191713807
0,0,0.3121671191713807
0,0,0.3121671191713807
0,0,0.2661119567413042
0,0,0.2661119567413042
0,0,0.2661119567413042
0,0,0.2765230745992684
0,0,0.2858770105640985
0,0,0.2858770105640985
0,0,0.2858770105640985
0,0,0.40353184768638284
0,0,0.27777528489588177
0,0,0.27777528489588177
0,0,0.27777528489588177
0,0,0.27777528489588177
0,0,0.27777528489588177
0,0,0.27777528489588177
0,0,0.27777528489588177
0,0,0.27777528489588177
0,0,0.27777528489588177
0,0,0.27777528489588177
0,0,0.27777528489588177
0,0,0.27777528489588177
0,0,0.27777528489588177
0,0,0.2582289117101414
0,0,0.2582289117101414
0,0,0.2582289117101414
0,0,0.3887522887373555
0,0,0.3887522887373555
0,0,0.3637840907116492
0,0,0.3637840907116492
0,0,0.3637840907116492
0,0,0.3637840907116492
0,0,0.3637840907116492
0,0,0.3637840907116492
0,0,0.3637840907116492
0,0,0.3637840907116492
0,0,0.3637840907116492
1,0,0.28062125600650306
1,0,0.28062125600650306
1,0,0.28062125600650306
1,0,0.28062125600650306
1,0,0.28062125600650306
1,0,0.28062125600650306
0,0,0.32057615561799474
0,0,0.32057615561799474
0,0,0.32057615561799474
0,0,0.32057615561799474
0,0,0.32057615561799474
0,0,0.32057615561799474
0,0,0.32057615561799474
0,0,0.32057615561799474
0,0,0.32057615561799474
0,0,0.32057615561799474
0,0,0.32057615561799474
0,0,0.32057615561799474
0,0,0.32057615561799474
0,0,0.2910542823476197
0,0,0.2910542823476197
0,0,0.2910542823476197
0,0,0.2910542823476197
0,0,0.2910542823476197
0,0,0.2910542823476197
0,0,0.2910542823476197
0,0,0.2910542823476197
0,0,0.2910542823476197
0,0,0.2910542823476197
0,0,0.2910542823476197
0,0,0.2910542823476197
0,0,0.2910542823476197
0,0,0.2910542823476197
0,0,0.2910542823476197
0,0,0.2572827229751321
0,0,0.2572827229751321
0,0,0.2572827229751321
0,0,0.2572827229751321
0,0,0.33696611022393363
0,0,0.33696611022393363
0,0,0.33696611022393363
0,0,0.33696611022393363
0,0,0.33696611022393363
0,0,0.33696611022393363
0,0,0.33696611022393363
0,0,0.3903050160723799
0,0,0.3903050160723799
0,0,0.3903050160723799
0,0,0.3903050160723799
0,0,0.3903050160723799
0,0,0.1868674302471371
0,0,0.1868674302471371
0,0,0.1868674302471371
0,0,0.1868674302471371
0,0,0.1868674302471371
0,0,0.1868674302471371
0,0,0.1868674302471371
0,0,0.1868674302471371
0,0,0.34413000292219276
0,0,0.34413000292219276
0,0,0.34413000292219276
0,0,0.34413000292219276
0,0,0.34413000292219276
0,0,0.34413000292219276
0,0,0.2305593318523125
0,0,0.2305593318523125
0,0,0.3868803641174523
0,0,0.3868803641174523
0,0,0.3868803641174523
0,0,0.3868803641174523
0,0,0.3868803641174523
0,0,0.3868803641174523
0,0,0.3868803641174523
0,0,0.3868803641174523
0,0,0.3868803641174523
0,0,0.3868803641174523
0,0,0.3868803641174523
0,0,0.3868803641174523
0,0,0.3868803641174523
0,0,0.3868803641174523
0,0,0.3868803641174523
0,0,0.3868803641174523
0,0,0.3868803641174523
0,0,0.3868803641174523
0,0,0.3868803641174523
0,0,0.3868803641174523
0,0,0.3868803641174523
0,0,0.3868803641174523
0,0,0.3868803641174523
0,0,0.3868803641174523
0,0,0.3868803641174523
0,0,0.16546732567535544
0,0,0.16546732567535544
0,0,0.16546732567535544
0,0,0.2539933499229888
0,0,0.2539933499229888
0,0,0.2539933499229888
0,0,0.43213292437556633
0,0,0.43213292437556633
0,0,0.43213292437556633
0,0,0.43213292437556633
0,0,0.34682353648867065
0,0,0.3702114528465743
1,0,0.3702114528465743
1,0,0.280734651684081
1,0,0.36038632148031235
1,0,0.49297841243204343
0,0,0.23986609159563074
0,0,0.27147023117423763
0,0,0.2659006808816875
0,0,0.2659006808816875
0,0,0.2659006808816875
0,0,0.3388675692715159
0,0,0.3388675692715159
0,0,0.3388675692715159
0,0,0.3388675692715159
0,0,0.3388675692715159
0,0,0.3388675692715159
0,0,0.3388675692715159
0,0,0.3388675692715159
0,0,0.3388675692715159
0,0,0.3388675692715159
0,0,0.3388675692715159
0,0,0.3388675692715159
0,0,0.3388675692715159
0,0,0.2097766182421064
1,0,0.31250737845343146
0,0,0.2541185136444105
0,0,0.2541185136444105
0,0,0.2541185136444105
0,0,0.4145854893168102
0,0,0.4145854893168102
0,0,0.4145854893168102
0,0,0.4145854893168102
0,0,0.4145854893168102
0,0,0.4145854893168102
0,0,0.4145854893168102
0,0,0.4145854893168102
1,0,0.4145854893168102
0,0,0.4145854893168102
0,0,0.4145854893168102
0,0,0.4145854893168102
0,0,0.4145854893168102
0,0,0.4145854893168102
0,0,0.4145854893168102
0,0,0.4145854893168102
0,0,0.4145854893168102
0,0,0.4145854893168102
0,0,0.23890316352641283
0,0,0.23890316352641283
0,0,0.30915106105343054
0,0,0.30915106105343054
0,0,0.30915106105343054
0,0,0.4053568537875742
1,0,0.4053568537875742
0,0,0.4053568537875742
0,0,0.4053568537875742
0,0,0.4053568537875742
0,0,0.31850608821593307
0,0,0.31850608821593307
0,0,0.31850608821593307
0,0,0.31850608821593307
0,0,0.31850608821593307
0,0,0.31850608821593307
0,0,0.31850608821593307
0,0,0.3348825922187259
0,0,0.42413811437960397
0,0,0.42413811437960397
0,0,0.42413811437960397
0,0,0.42413811437960397
0,0,0.42413811437960397
0,0,0.42413811437960397
0,0,0.42413811437960397
0,0,0.27187061239611143
0,0,0.27187061239611143
0,0,0.27187061239611143
0,0,0.2528014817726864
0,0,0.2528014817726864
0,0,0.2528014817726864
0,0,0.3844050138693176
0,0,0.3844050138693176
0,0,0.3844050138693176
0,0,0.3844050138693176
0,0,0.30158436510562614
0,1,0.5469410620151364
0,1,0.5469410620151364
0,1,0.5469410620151364
0,1,0.5469410620151364
0,1,0.5469410620151364
0,1,0.5469410620151364
0,1,0.5469410620151364
0,1,0.5469410620151364
0,1,0.5469410620151364
0,1,0.5469410620151364
0,1,0.5469410620151364
0,0,0.28990505786363774
0,0,0.28990505786363774
0,0,0.28990505786363774
0,0,0.28990505786363774
0,0,0.28990505786363774
0,0,0.28990505786363774
0,0,0.3721200019352696
1,0,0.43779974978109015
1,0,0.43779974978109015
0,0,0.43779974978109015
1,0,0.43779974978109015
0,0,0.43779974978109015
1,0,0.43779974978109015
1,0,0.34879725898646163
0,0,0.27597384289673016
0,0,0.22950493454784532
0,0,0.22950493454784532
0,0,0.22950493454784532
0,0,0.3161775355668545
0,0,0.3161775355668545
0,0,0.3161775355668545
0,0,0.3161775355668545
0,0,0.3161775355668545
0,0,0.3161775355668545
0,0,0.3161775355668545
0,0,0.3161775355668545
0,0,0.19157596724722253
0,0,0.19157596724722253
0,0,0.19157596724722253
0,0,0.19157596724722253
0,0,0.19157596724722253
0,0,0.19157596724722253
0,0,0.19157596724722253
0,0,0.19157596724722253
0,0,0.19157596724722253
0,0,0.19157596724722253
0,0,0.19157596724722253
0,0,0.20031450769208267
0,0,0.20031450769208267
0,0,0.20031450769208267
0,0,0.26506034926048705
1,0,0.26506034926048705
0,0,0.26506034926048705
1,0,0.26506034926048705
1,0,0.26506034926048705
1,0,0.26506034926048705
0,0,0.3148403825801408
0,0,0.30193787136977185
0,0,0.458400562056147
0,0,0.458400562056147
0,0,0.458400562056147
0,0,0.24260251414022074
0,0,0.24260251414022074
0,0,0.24260251414022074
0,0,0.24260251414022074
0,0,0.24260251414022074
0,0,0.24260251414022074
0,0,0.2788083400521546
0,0,0.2788083400521546
0,0,0.39390314173645935
0,0,0.3929178637237372
0,0,0.3929178637237372
0,0,0.3929178637237372
0,0,0.3929178637237372
0,0,0.28883482430526747
0,0,0.28883482430526747
1,0,0.44770255701246336
0,0,0.44770255701246336
0,0,0.44770255701246336
0,0,0.44770255701246336
0,0,0.4314161249039199
0,0,0.4314161249039199
0,0,0.4314161249039199
0,0,0.4314161249039199
0,0,0.4314161249039199
0,0,0.4314161249039199
0,0,0.4314161249039199
0,0,0.4314161249039199
0,0,0.4314161249039199
0,0,0.4314161249039199
0,0,0.206575504282001
0,0,0.2621283786197017
0,0,0.2621283786197017
0,0,0.2621283786197017
1,0,0.1925833170413649
0,0,0.28423653689761896
0,0,0.4104742726191344
0,0,0.4104742726191344
0,0,0.2895165991093142
0,0,0.2895165991093142
0,0,0.2895165991093142
1,0,0.2895165991093142
1,0,0.2895165991093142
0,0,0.2895165991093142
0,0,0.4509534750040838
0,0,0.4509534750040838
0,0,0.4509534750040838
0,0,0.4509534750040838
0,0,0.18584463404852575
0,0,0.18584463404852575
0,0,0.18584463404852575
0,0,0.18584463404852575
0,0,0.18584463404852575
0,0,0.18584463404852575
0,0,0.18584463404852575
0,0,0.18584463404852575
0,0,0.18584463404852575
0,0,0.18584463404852575
0,0,0.18584463404852575
0,0,0.2478524178196739
0,0,0.2478524178196739
0,0,0.2478524178196739
0,0,0.2478524178196739
0,0,0.2478524178196739
0,0,0.2478524178196739
0,0,0.2478524178196739
0,0,0.2478524178196739
0,0,0.3123775857573294
0,0,0.3123775857573294
0,0,0.3123775857573294
0,0,0.28233029286465816
0,0,0.28233029286465816
0,0,0.28233029286465816
0,0,0.28233029286465816
0,0,0.24168909332866048
0,0,0.24168909332866048
0,0,0.36185753816463
0,0,0.36185753816463
0,0,0.36185753816463
0,0,0.2754499510179602
0,0,0.2754499510179602
0,0,0.2754499510179602
0,0,0.2754499510179602
0,0,0.2754499510179602
0,0,0.2754499510179602
0,0,0.2754499510179602
0,0,0.2754499510179602
0,0,0.28466717935406527
0,0,0.28466717935406527
0,0,0.2537966466775485
0,0,0.2537966466775485
0,0,0.2537966466775485
0,0,0.2537966466775485
0,0,0.2537966466775485
0,0,0.2537966466775485
0,0,0.2537966466775485
0,0,0.2537966466775485
0,0,0.2537966466775485
0,0,0.23042919870422643
0,0,0.23042919870422643
0,0,0.23042919870422643
0,0,0.23042919870422643
0,0,0.26623422936501323
0,0,0.26623422936501323
0,0,0.4830835520636462
0,0,0.4830835520636462
1,0,0.4830835520636462
0,0,0.3387456417342307
1,0,0.2069987968919689
0,0,0.4302000701943289
0,0,0.4302000701943289
0,0,0.3052799267550041
0,0,0.3052799267550041
0,0,0.3482429230016344
0,0,0.37645059704337713
0,0,0.37645059704337713
0,0,0.37645059704337713
0,0,0.37645059704337713
0,0,0.37645059704337713
0,0,0.3333355240670435
1,0,0.3333355240670435
0,0,0.3333355240670435
0,0,0.3333355240670435
0,0,0.3333355240670435
0,0,0.3333355240670435
0,0,0.3333355240670435
0,0,0.3333355240670435
0,1,0.5051331242778843
0,1,0.5051331242778843
0,1,0.5051331242778843
0,0,0.329526337044752
0,0,0.2074587632673309
0,0,0.2074587632673309
0,0,0.2074587632673309
0,0,0.36808889613867257
0,0,0.36808889613867257
0,0,0.36808889613867257
0,0,0.36808889613867257
0,0,0.36808889613867257
0,0,0.36808889613867257
0,0,0.36808889613867257
1,0,0.36796090877465415
1,0,0.36796090877465415
1,0,0.36796090877465415
1,0,0.36796090877465415
0,0,0.4430937541247122
1,0,0.4430937541247122
1,0,0.4430937541247122
1,0,0.4430937541247122
1,0,0.4430937541247122
1,0,0.4430937541247122
0,0,0.3386611202118891
0,0,0.3386611202118891
0,0,0.3386611202118891
0,0,0.3386611202118891
0,0,0.2076550322151788
0,0,0.2076550322151788
0,0,0.2076550322151788
0,0,0.32426432823118395
0,0,0.32426432823118395
0,0,0.32426432823118395
0,0,0.32426432823118395
0,0,0.32426432823118395
0,0,0.32426432823118395
0,0,0.322915233956138
0,0,0.322915233956138
0,0,0.3154507070823006
0,0,0.3154507070823006
0,0,0.31388509634572614
0,0,0.31388509634572614
0,0,0.31388509634572614
0,0,0.31388509634572614
0,0,0.2526173817359195
0,0,0.2526173817359195
0,0,0.2526173817359195
0,0,0.2526173817359195
0,0,0.2526173817359195
0,0,0.2526173817359195
0,0,0.2526173817359195
0,0,0.2724328753259077
0,0,0.2724328753259077
0,0,0.2724328753259077
0,0,0.2724328753259077
0,0,0.2724328753259077
0,0,0.2724328753259077
0,0,0.2724328753259077
0,0,0.2724328753259077
0,0,0.24668347901856527
1,0,0.24668347901856527
1,0,0.24668347901856527
0,0,0.24668347901856527
1,0,0.24668347901856527
0,0,0.30096243446854243
0,0,0.30096243446854243
0,0,0.30096243446854243
0,0,0.30096243446854243
0,0,0.35769044573338166
0,0,0.35769044573338166
0,0,0.35769044573338166
0,0,0.35769044573338166
0,0,0.35769044573338166
0,0,0.35769044573338166
0,0,0.35769044573338166
0,0,0.35769044573338166
0,0,0.35769044573338166
0,0,0.35769044573338166
0,0,0.35769044573338166
0,0,0.35769044573338166
0,0,0.35769044573338166
0,0,0.35769044573338166
0,0,0.35769044573338166
0,0,0.35769044573338166
1,0,0.35066255316858475
0,0,0.35066255316858475
1,0,0.35066255316858475
0,0,0.35066255316858475
0,0,0.35066255316858475
0,0,0.35066255316858475
1,0,0.35066255316858475
0,0,0.35066255316858475
0,0,0.35066255316858475
0,0,0.35066255316858475
0,0,0.35066255316858475
0,0,0.24802569387080883
0,0,0.24802569387080883
0,0,0.24802569387080883
0,0,0.24802569387080883
1,0,0.24802569387080883
0,0,0.24802569387080883
0,0,0.24802569387080883
0,0,0.2806720657927876
0,0,0.2806720657927876
0,0,0.2806720657927876
0,0,0.2806720657927876
0,0,0.36630606618224887
0,0,0.36630606618224887
0,0,0.36630606618224887
0,0,0.35490005880370334
0,0,0.35490005880370334
0,0,0.30245683742162255
0,0,0.44177681299049776
0,0,0.36332967951861705
0,0,0.36332967951861705
0,0,0.42894411583786307
0,0,0.42894411583786307
0,0,0.42894411583786307
0,0,0.42894411583786307
0,0,0.42894411583786307
0,0,0.42894411583786307
0,0,0.42894411583786307
0,0,0.42894411583786307
0,0,0.3790266406728224
0,0,0.3790266406728224
0,0,0.3790266406728224
0,0,0.3790266406728224
0,0,0.3790266406728224
0,0,0.34128452671483006
0,0,0.34128452671483006
1,0,0.22931473124562068
0,0,0.22931473124562068
1,0,0.22931473124562068
0,0,0.3249694547731455
0,1,0.5732280961166374
0,1,0.5732280961166374
0,0,0.3853609557128781
0,0,0.3853609557128781
0,0,0.3853609557128781
1,0,0.3853609557128781
0,0,0.3054807715446311
0,0,0.3054807715446311
0,0,0.29798966228563023
1,0,0.16310026775676717
0,0,0.30504120192617246
1,0,0.30504120192617246
0,0,0.30504120192617246
0,0,0.30504120192617246
1,0,0.30504120192617246
0,0,0.30504120192617246
0,0,0.2557365525240773
0,0,0.2557365525240773
0,0,0.2557365525240773
0,0,0.2557365525240773
0,0,0.2557365525240773
0,0,0.2557365525240773
0,0,0.2557365525240773
0,0,0.34495426066353313
1,0,0.34495426066353313
0,0,0.34495426066353313
1,0,0.34495426066353313
0,0,0.34495426066353313
1,0,0.34495426066353313
0,0,0.34495426066353313
1,0,0.34495426066353313
1,0,0.34495426066353313
0,0,0.34495426066353313
0,0,0.34495426066353313
0,0,0.34495426066353313
0,0,0.42834786648781004
0,0,0.42834786648781004
0,0,0.42834786648781004
0,0,0.42834786648781004
0,0,0.42834786648781004
0,0,0.42834786648781004
0,0,0.42834786648781004
0,0,0.42834786648781004
0,0,0.4211948767529246
1,0,0.4211948767529246
1,0,0.4211948767529246
1,0,0.4211948767529246
0,0,0.4211948767529246
0,0,0.36051585042092626
0,0,0.3176613058185953
0,0,0.3176613058185953
0,0,0.3693184651939533
0,0,0.3693184651939533
0,0,0.31774145529853154
1,0,0.2618419929981849
1,0,0.2618419929981849
0,0,0.2618419929981849
1,0,0.2618419929981849
0,0,0.3279397495498768
0,0,0.40026657571576224
0,0,0.40026657571576224
1,0,0.4070630715667338
1,0,0.4070630715667338
0,0,0.4070630715667338
0,0,0.4070630715667338
1,0,0.4070630715667338
1,0,0.4070630715667338
0,0,0.4070630715667338
0,0,0.3214625114940488
0,0,0.3214625114940488
0,0,0.3214625114940488
0,0,0.3214625114940488
0,0,0.3214625114940488
0,0,0.3214625114940488
0,0,0.3214625114940488
0,0,0.3214625114940488
0,0,0.26947220492205626
0,0,0.26947220492205626
0,0,0.26947220492205626
1,0,0.3633036907379585
0,0,0.35804480510628567
0,0,0.35804480510628567
0,0,0.35838382106757244
0,0,0.35838382106757244
0,0,0.35838382106757244
0,0,0.35838382106757244
0,0,0.35838382106757244
0,0,0.35838382106757244
0,0,0.35838382106757244
0,0,0.29731032575452804
0,0,0.29731032575452804
0,0,0.29731032575452804
0,0,0.29731032575452804
0,0,0.29731032575452804
0,0,0.29731032575452804
0,0,0.473922788269589
0,0,0.473922788269589
0,0,0.473922788269589
1,0,0.473922788269589
0,0,0.473922788269589
0,0,0.473922788269589
0,0,0.2903043986569451
0,0,0.2903043986569451
0,0,0.2903043986569451
0,0,0.2903043986569451
0,0,0.2903043986569451
0,0,0.19645917643261604
0,0,0.19645917643261604
0,0,0.19645917643261604
0,0,0.19645917643261604
0,0,0.19645917643261604
0,0,0.19645917643261604
0,0,0.26998966662436574
0,0,0.26998966662436574
1,0,0.26998966662436574
0,0,0.26998966662436574
1,0,0.26998966662436574
0,0,0.26998966662436574
0,0,0.26998966662436574
0,0,0.26998966662436574
0,0,0.3767898240256792
0,0,0.3767898240256792
0,0,0.3767898240256792
0,0,0.3767898240256792
0,0,0.3767898240256792
0,0,0.3767898240256792
0,0,0.3233993410507869
0,0,0.43309616536389073
0,0,0.3685012379760777
1,0,0.3685012379760777
0,0,0.3685012379760777
0,0,0.3685012379760777
0,0,0.3685012379760777
1,0,0.3593117529775485
0,0,0.44454688413983207
0,0,0.44454688413983207
0,0,0.44454688413983207
0,0,0.44454688413983207
0,0,0.3024436978521589
0,0,0.3024436978521589
0,0,0.3024436978521589
0,0,0.2693474235398408
1,0,0.2693474235398408
0,0,0.27693475948099416
0,0,0.3647225342733313
1,0,0.3647225342733313
0,0,0.3647225342733313
0,0,0.3647225342733313
0,0,0.22339853958483896
0,0,0.22339853958483896
0,0,0.3495308914638878
0,0,0.3495308914638878
0,0,0.3495308914638878
1,0,0.41835089798679936
0,0,0.41835089798679936
1,0,0.41835089798679936
0,0,0.41835089798679936
0,0,0.41835089798679936
0,0,0.41835089798679936
0,0,0.18093925890430118
0,0,0.18093925890430118
0,0,0.18093925890430118
1,0,0.37082624718762247
0,0,0.2619063278219382
0,0,0.2619063278219382
0,0,0.2619063278219382
0,0,0.2619063278219382
0,0,0.2619063278219382
0,0,0.2619063278219382
0,0,0.2619063278219382
0,0,0.2779341983293191
0,0,0.2779341983293191
0,0,0.2779341983293191
1,0,0.2779341983293191
0,0,0.2779341983293191
0,0,0.2999830076904009
0,0,0.37191986136580474
0,0,0.37191986136580474
0,0,0.37191986136580474
0,0,0.37191986136580474
0,0,0.37191986136580474
0,0,0.4419244543082009
0,0,0.4419244543082009
0,0,0.4419244543082009
0,0,0.4419244543082009
1,0,0.4461745959865602
0,0,0.4461745959865602
1,0,0.4461745959865602
0,0,0.4461745959865602
1,0,0.4461745959865602
0,0,0.4461745959865602
0,0,0.4461745959865602
1,0,0.4461745959865602
0,0,0.28498707607337437
0,0,0.28498707607337437
0,0,0.28498707607337437
0,0,0.27819483972385756
0,0,0.27819483972385756
0,0,0.27819483972385756
0,0,0.2617039207484808
1,0,0.2617039207484808
0,0,0.2617039207484808
0,0,0.2617039207484808
1,0,0.28666220784969204
0,0,0.28666220784969204
0,0,0.22336101456302299
0,0,0.30429873248543177
0,0,0.30429873248543177
0,0,0.3189525845465277
0,0,0.3189525845465277
0,0,0.3189525845465277
0,0,0.3189525845465277
0,0,0.3189525845465277
0,0,0.3189525845465277
0,0,0.3189525845465277
0,0,0.3189525845465277
0,0,0.3189525845465277
0,0,0.3189525845465277
0,0,0.3189525845465277
0,0,0.3189525845465277
0,0,0.3189525845465277
0,0,0.3189525845465277
0,0,0.3189525845465277
0,0,0.3189525845465277
0,0,0.3189525845465277
0,0,0.3189525845465277
0,0,0.3189525845465277
0,0,0.3189525845465277
0,0,0.3189525845465277
0,0,0.31146595965015095
0,0,0.31146595965015095
1,0,0.31146595965015095
0,0,0.31146595965015095
0,0,0.4298767196788424
0,0,0.4298767196788424
0,0,0.4298767196788424
1,0,0.4298767196788424
0,0,0.4298767196788424
0,0,0.3047340879054435
0,0,0.43319492031483003
0,0,0.43319492031483003
0,0,0.43319492031483003
0,0,0.43319492031483003
1,0,0.4057475103357314
1,0,0.4533275059409208
1,0,0.4533275059409208
0,0,0.4533275059409208
1,0,0.4533275059409208
1,0,0.4533275059409208
1,0,0.4533275059409208
0,0,0.2987349297835698
0,0,0.2987349297835698
0,0,0.32438404285522127
0,0,0.32438404285522127
0,0,0.3614112408189639
0,0,0.3614112408189639
0,0,0.3614112408189639
0,0,0.3614112408189639
0,0,0.3614112408189639
0,0,0.3614112408189639
0,0,0.3614112408189639
0,0,0.3614112408189639
0,0,0.34712271993310373
0,0,0.34712271993310373
0,0,0.34712271993310373
0,0,0.34712271993310373
0,0,0.34712271993310373
0,0,0.34712271993310373
0,0,0.34712271993310373
0,0,0.34712271993310373
0,0,0.34712271993310373
0,0,0.34712271993310373
0,0,0.34712271993310373
0,0,0.3237627081010172
0,0,0.3237627081010172
0,0,0.3237627081010172
0,0,0.3237627081010172
0,0,0.3237627081010172
0,0,0.3237627081010172
0,0,0.3237627081010172
0,0,0.3237627081010172
0,0,0.3237627081010172
0,0,0.1510094672486388
0,0,0.1510094672486388
0,0,0.1510094672486388
0,0,0.1510094672486388
0,0,0.1510094672486388
0,0,0.1510094672486388
0,0,0.1165064747354287
1,0,0.1165064747354287
1,0,0.1165064747354287
1,0,0.1165064747354287
1,0,0.4235301563995044
1,0,0.4235301563995044
0,0,0.4235301563995044
0,0,0.4235301563995044
0,0,0.4235301563995044
0,0,0.4235301563995044
0,0,0.4235301563995044
1,0,0.4235301563995044
1,0,0.4235301563995044
0,0,0.4235301563995044
1,0,0.4235301563995044
0,0,0.4235301563995044
0,0,0.3740095508610723
0,0,0.3740095508610723
0,0,0.3740095508610723
0,0,0.3370908562927097
0,0,0.3370908562927097
0,0,0.3370908562927097
0,0,0.3370908562927097
0,0,0.3370908562927097
0,0,0.3370908562927097
0,0,0.3370908562927097
0,0,0.3370908562927097
0,0,0.3370908562927097
1,0,0.3370908562927097
1,0,0.3370908562927097
0,0,0.26207926907758466
0,0,0.26207926907758466
0,0,0.26207926907758466
0,0,0.26207926907758466
0,0,0.38420930787442314
0,0,0.3674280914458075
0,0,0.3674280914458075
0,0,0.3674280914458075
0,0,0.331936756696037
0,0,0.331936756696037
0,0,0.331936756696037
0,0,0.30400651565751013
0,0,0.4087076650504361
0,0,0.4087076650504361
0,0,0.4087076650504361
0,0,0.4087076650504361
0,0,0.4087076650504361
0,0,0.4087076650504361
0,0,0.4087076650504361
0,0,0.38310258286424187
0,0,0.38310258286424187
0,0,0.282522528839094
0,0,0.282522528839094
0,0,0.282522528839094
0,0,0.22651885369682798
0,0,0.22651885369682798
0,0,0.22651885369682798
0,0,0.22651885369682798
0,0,0.3964094384586915
0,0,0.3964094384586915
0,0,0.3964094384586915
0,0,0.24672552152162802
0,0,0.2900254724662987
0,0,0.2900254724662987
0,0,0.2900254724662987
0,0,0.28338150776528087
0,0,0.28338150776528087
0,0,0.28338150776528087
0,0,0.28338150776528087
0,0,0.28338150776528087
1,0,0.28338150776528087
0,0,0.3307992307779347
0,0,0.3307992307779347
0,0,0.3307992307779347
0,0,0.21729223091176342
0,0,0.21729223091176342
0,0,0.21729223091176342
0,0,0.2553376632318281
0,0,0.3238452246935801
0,0,0.3238452246935801
0,0,0.3238452246935801
0,0,0.3238452246935801
0,0,0.3238452246935801
0,0,0.3238452246935801
0,0,0.3238452246935801
0,0,0.3238452246935801
0,0,0.3238452246935801
0,0,0.3238452246935801
0,0,0.39261060937566605
1,0,0.34603988391950663
0,0,0.34603988391950663
0,0,0.31087086326312824
0,0,0.31087086326312824
0,0,0.31087086326312824
0,0,0.31087086326312824
0,0,0.31087086326312824
0,0,0.31087086326312824
0,0,0.31087086326312824
0,0,0.31087086326312824
0,0,0.31087086326312824
0,0,0.31087086326312824
0,0,0.31087086326312824
0,0,0.31087086326312824
0,0,0.2459547306799943
0,0,0.2459547306799943
0,0,0.23822439634446554
0,0,0.3835309267239822
0,0,0.24469593266103426
0,0,0.30982575016815467
0,0,0.22371283041766687
0,0,0.3458296686799694
0,0,0.33674649026112374
0,0,0.33674649026112374
0,0,0.20560639408634848
0,0,0.20560639408634848
0,0,0.25991672350376815
0,0,0.25991672350376815
0,0,0.21582292378138088
0,0,0.21582292378138088
0,0,0.347912371705446
0,0,0.347912371705446
0,0,0.33608969515855186
1,0,0.1987712739770382
0,0,0.3592350710898127
0,0,0.3592350710898127
0,0,0.3592350710898127
0,0,0.3592350710898127
0,0,0.3592350710898127
0,0,0.3592350710898127
0,0,0.34714062357714676
1,0,0.34714062357714676
0,0,0.34714062357714676
1,0,0.34714062357714676
0,0,0.34714062357714676
1,0,0.34714062357714676
0,0,0.34714062357714676
0,0,0.34714062357714676
0,0,0.34714062357714676
0,0,0.2975072260765854
0,0,0.2975072260765854
0,0,0.2975072260765854
0,0,0.2975072260765854
0,0,0.2975072260765854
0,0,0.2975072260765854
0,0,0.2975072260765854
0,0,0.2975072260765854
0,0,0.29265634228658227
0,0,0.29265634228658227
0,0,0.29265634228658227
0,0,0.29265634228658227
0,0,0.29265634228658227
0,0,0.29265634228658227
0,0,0.29265634228658227
0,0,0.29265634228658227
1,0,0.3314623035637632
1,0,0.3314623035637632
0,0,0.3314623035637632
0,0,0.35241496499992747
1,0,0.35241496499992747
0,0,0.35241496499992747
0,1,0.5277839565717217
0,1,0.5277839565717217
0,1,0.5277839565717217
1,1,0.5277839565717217
0,0,0.26257824193110274
0,0,0.26257824193110274
0,0,0.26257824193110274
0,0,0.26257824193110274
0,0,0.26257824193110274
0,0,0.26257824193110274
0,0,0.26257824193110274
0,0,0.3154559797272524
1,0,0.3154559797272524
1,0,0.4298773859118928
1,0,0.4298773859118928
1,0,0.4298773859118928
0,0,0.4298773859118928
0,0,0.28897010961657654
0,0,0.28897010961657654
0,0,0.28897010961657654
0,0,0.28897010961657654
0,0,0.28897010961657654
0,0,0.1625771804835548
0,0,0.1625771804835548
0,0,0.1625771804835548
0,0,0.2541114473916203
0,0,0.2541114473916203
0,0,0.2541114473916203
0,0,0.2541114473916203
0,0,0.2541114473916203
0,0,0.2541114473916203
1,0,0.32369280664289063
0,0,0.32369280664289063
1,0,0.32369280664289063
0,0,0.2528718964713046
0,0,0.2528718964713046
0,0,0.15129366993291188
0,0,0.22924783514828564
0,0,0.22924783514828564
0,0,0.22924783514828564
0,0,0.3290033484577273
0,0,0.3290033484577273
0,0,0.3781333714818156
0,0,0.3781333714818156
0,0,0.3781333714818156
0,0,0.3781333714818156
0,0,0.3781333714818156
0,0,0.3781333714818156
0,0,0.3781333714818156
1,0,0.3781333714818156
0,0,0.3781333714818156
0,0,0.3781333714818156
0,0,0.3626766075820892
0,0,0.3626766075820892
0,0,0.3626766075820892
0,0,0.3626766075820892
0,0,0.3626766075820892
0,0,0.3626766075820892
0,0,0.3626766075820892
0,0,0.3626766075820892
0,0,0.42954886136561915
1,0,0.42954886136561915
0,0,0.42954886136561915
1,0,0.42954886136561915
0,0,0.42954886136561915
0,0,0.2927976957771798
0,0,0.2927976957771798
0,1,0.5342647461985234
1,1,0.5342647461985234
1,1,0.5342647461985234
0,0,0.23085812659584312
0,0,0.43741518265649
0,0,0.43741518265649
0,0,0.22129648877967123
0,0,0.22129648877967123
0,0,0.22129648877967123
0,0,0.22129648877967123
0,0,0.3790648304062065
0,0,0.3790648304062065
0,0,0.3790648304062065
0,0,0.26414409535377886
0,0,0.26414409535377886
0,0,0.26414409535377886
0,0,0.2684524777713437
1,0,0.2684524777713437
0,0,0.2684524777713437
0,0,0.2684524777713437
1,0,0.2684524777713437
0,0,0.2684524777713437
0,0,0.2684524777713437
0,0,0.2684524777713437
0,0,0.2684524777713437
0,0,0.3241159921278467
0,0,0.3241159921278467
0,0,0.3241159921278467
0,0,0.3241159921278467
0,0,0.3241159921278467
0,0,0.3241159921278467
0,0,0.3241159921278467
0,0,0.3241159921278467
1,0,0.3241159921278467
0,0,0.33402201846833607
1,0,0.33402201846833607
1,0,0.33402201846833607
1,0,0.18109438426958036
0,0,0.18109438426958036
0,0,0.18109438426958036
0,0,0.18109438426958036
0,0,0.18109438426958036
0,0,0.18109438426958036
0,0,0.18109438426958036
0,0,0.18109438426958036
0,0,0.18109438426958036
0,0,0.17428790179422088
0,0,0.17428790179422088
0,0,0.17428790179422088
0,0,0.17428790179422088
0,0,0.17428790179422088
0,0,0.17428790179422088
0,0,0.17428790179422088
0,0,0.1813189261108856
0,0,0.1813189261108856
0,0,0.1813189261108856
0,0,0.1813189261108856
0,0,0.1813189261108856
0,0,0.1813189261108856
0,0,0.1813189261108856
0,0,0.1813189261108856
0,0,0.1813189261108856
0,0,0.1813189261108856
0,0,0.1813189261108856
0,0,0.1813189261108856
0,0,0.1813189261108856
0,0,0.1813189261108856
0,0,0.1813189261108856
1,0,0.1813189261108856
0,0,0.1813189261108856
0,0,0.1813189261108856
0,0,0.1813189261108856
0,0,0.2908199060664733
0,0,0.2908199060664733
0,0,0.2908199060664733
1,0,0.2908199060664733
0,0,0.2908199060664733
0,0,0.4421709399995554
0,0,0.4421709399995554
0,0,0.4421709399995554
1,0,0.4421709399995554
0,0,0.4421709399995554
0,0,0.3848060447452233
0,0,0.3848060447452233
1,0,0.3848060447452233
0,0,0.16730727723684538
0,0,0.16730727723684538
0,0,0.16730727723684538
0,0,0.16730727723684538
1,0,0.29652876031039616
0,0,0.29652876031039616
0,0,0.3676805633547999
0,0,0.3676805633547999
0,0,0.3676805633547999
0,0,0.2758412611318073
0,0,0.2758412611318073
0,0,0.2758412611318073
0,0,0.2758412611318073
0,0,0.2758412611318073
0,0,0.2758412611318073
0,0,0.24434317959186636
1,0,0.24434317959186636
0,0,0.24434317959186636
0,0,0.24434317959186636
0,0,0.33677415162396107
0,0,0.33677415162396107
0,0,0.39227483126042095
0,0,0.39227483126042095
0,0,0.39227483126042095
0,0,0.39227483126042095
0,0,0.39227483126042095
0,0,0.22778523164296582
1,0,0.22778523164296582
0,0,0.22778523164296582
1,0,0.22778523164296582
1,0,0.22778523164296582
0,0,0.4215420495454532
0,0,0.4215420495454532
0,0,0.4215420495454532
0,0,0.4215420495454532
0,0,0.4215420495454532
0,0,0.43858082338178483
0,0,0.32819102638248593
0,0,0.32819102638248593
0,0,0.32819102638248593
0,0,0.32819102638248593
1,0,0.4583225351907271
0,0,0.4583225351907271
0,0,0.4583225351907271
0,0,0.21531167307657345
0,0,0.21531167307657345
0,0,0.21531167307657345
1,0,0.29878503730463096
1,0,0.29878503730463096
1,0,0.29878503730463096
0,0,0.23728903067014695
0,0,0.23728903067014695
0,0,0.23728903067014695
0,0,0.23728903067014695
0,0,0.23728903067014695
0,0,0.23728903067014695
0,0,0.2898062193542447
0,0,0.2898062193542447
0,0,0.2898062193542447
1,0,0.2898062193542447
0,0,0.2898062193542447
0,0,0.2898062193542447
0,0,0.2898062193542447
0,0,0.2898062193542447
0,0,0.2898062193542447
0,0,0.2898062193542447
0,0,0.2898062193542447
0,0,0.2898062193542447
1,0,0.2898062193542447
0,0,0.2898062193542447
0,0,0.2898062193542447
0,0,0.2898062193542447
0,0,0.2898062193542447
1,0,0.2898062193542447
0,0,0.18766950764287962
0,0,0.20577759552757946
0,0,0.20577759552757946
0,0,0.22199323605406998
0,0,0.22199323605406998
0,0,0.22199323605406998
0,0,0.22199323605406998
0,0,0.3835958080327738
0,0,0.18337243423312125
0,0,0.18337243423312125
0,0,0.18337243423312125
0,0,0.18337243423312125
0,0,0.18337243423312125
1,0,0.18337243423312125
0,0,0.18337243423312125
0,0,0.18337243423312125
0,0,0.18337243423312125
0,0,0.18337243423312125
1,0,0.18337243423312125
0,0,0.18337243423312125
0,0,0.2355770399520241
0,0,0.2355770399520241
0,0,0.2355770399520241
0,0,0.2355770399520241
0,0,0.2355770399520241
0,0,0.2355770399520241
0,0,0.2355770399520241
0,0,0.2355770399520241
0,0,0.2355770399520241
0,0,0.2355770399520241
0,0,0.1933525279889971
0,0,0.1933525279889971
0,0,0.1933525279889971
0,0,0.1933525279889971
0,0,0.496938307163928
0,0,0.496938307163928
0,0,0.496938307163928
1,0,0.24860829500907003
1,0,0.24860829500907003
1,0,0.24860829500907003
0,0,0.24860829500907003
0,0,0.24860829500907003
0,0,0.24860829500907003
0,0,0.368074244079836
1,0,0.368074244079836
0,0,0.368074244079836
1,0,0.368074244079836
0,0,0.368074244079836
1,0,0.368074244079836
0,0,0.368074244079836
0,0,0.2775766462292214
1,0,0.2775766462292214
1,0,0.2775766462292214
0,0,0.24762478942446164
0,0,0.3145097829423102
1,0,0.3498951369205415
0,0,0.3498951369205415
0,0,0.3498951369205415
0,0,0.3498951369205415
0,0,0.3498951369205415
0,0,0.3498951369205415
0,0,0.3498951369205415
0,0,0.3498951369205415
0,0,0.27906665121189855
0,0,0.2770751052290952
0,1,0.5024615942174905
0,1,0.5024615942174905
0,0,0.36953270283911727
0,0,0.36953270283911727
0,0,0.47349512202565125
0,0,0.47349512202565125
1,0,0.47349512202565125
0,0,0.47349512202565125
0,0,0.47349512202565125
0,0,0.47349512202565125
0,0,0.47349512202565125
0,0,0.47349512202565125
0,0,0.47349512202565125
0,0,0.47349512202565125
0,0,0.47349512202565125
0,0,0.47349512202565125
0,0,0.47349512202565125
0,0,0.47349512202565125
0,0,0.24030775411924632
0,0,0.24030775411924632
0,0,0.24030775411924632
0,0,0.24030775411924632
1,0,0.24030775411924632
1,0,0.24030775411924632
0,0,0.24030775411924632
0,0,0.24030775411924632
0,0,0.21272825687949087
0,0,0.21272825687949087
0,0,0.21272825687949087
0,0,0.21272825687949087
0,0,0.26309690863714513
0,0,0.26309690863714513
0,0,0.3153461208512659
1,0,0.40300024379801447
1,0,0.40300024379801447
1,0,0.40300024379801447
0,0,0.40300024379801447
0,0,0.2988819566346945
0,0,0.2988819566346945
0,0,0.2988819566346945
0,0,0.2988819566346945
0,0,0.2988819566346945
0,0,0.2988819566346945
0,0,0.2988819566346945
0,0,0.2988819566346945
0,0,0.2988819566346945
0,0,0.2988819566346945
0,0,0.29188416184626537
0,0,0.29188416184626537
0,0,0.32858129574244943
0,0,0.32858129574244943
0,0,0.32858129574244943
0,0,0.22528459203746032
0,0,0.22528459203746032
0,0,0.22528459203746032
0,0,0.3207416335736742
0,0,0.3207416335736742
0,0,0.3207416335736742
0,0,0.3207416335736742
1,0,0.3207416335736742
0,0,0.3207416335736742
0,0,0.3938922427106444
1,0,0.3938922427106444
0,0,0.3938922427106444
0,0,0.36710319391982243
0,0,0.4081431800233249
0,0,0.4081431800233249
0,0,0.4081431800233249
0,0,0.3690800136165512
0,0,0.3690800136165512
0,0,0.3690800136165512
0,0,0.3690800136165512
0,0,0.3690800136165512
0,0,0.3690800136165512
0,0,0.3690800136165512
0,0,0.3690800136165512
0,0,0.3690800136165512
0,0,0.34091709289408817
0,0,0.34091709289408817
0,0,0.34091709289408817
0,0,0.34091709289408817
0,0,0.34091709289408817
0,0,0.3601371274717185
0,0,0.3601371274717185
0,1,0.6179205352561583
0,0,0.3435665596349692
0,0,0.3435665596349692
1,0,0.3541544028494213
0,0,0.31398339950060483
0,0,0.26517347184144346
0,0,0.26517347184144346
1,0,0.26517347184144346
1,0,0.36241033352367247
1,0,0.36241033352367247
1,0,0.36241033352367247
0,0,0.36241033352367247
0,0,0.35901829244534283
1,0,0.35901829244534283
0,0,0.35901829244534283
0,0,0.35901829244534283
0,0,0.35901829244534283
0,0,0.35901829244534283
0,0,0.33213463175113567
0,0,0.33213463175113567
0,0,0.33213463175113567
0,0,0.33213463175113567
0,0,0.21883548261825672
0,0,0.21883548261825672
0,0,0.21883548261825672
0,0,0.4704293705877488
0,0,0.4704293705877488
0,0,0.4704293705877488
0,0,0.4704293705877488
1,0,0.4704293705877488
0,0,0.23200923495214887
0,0,0.23200923495214887
0,0,0.23200923495214887
0,0,0.3472080824334126
0,0,0.23619634471405063
0,0,0.23619634471405063
0,0,0.23619634471405063
0,0,0.23619634471405063
0,0,0.23619634471405063
0,0,0.28631102404319253
0,0,0.32349847405148036
1,0,0.32349847405148036
0,0,0.32349847405148036
1,0,0.32349847405148036
0,0,0.32349847405148036
1,0,0.32349847405148036
0,0,0.32349847405148036
1,0,0.32349847405148036
0,0,0.32349847405148036
0,0,0.32349847405148036
0,0,0.32349847405148036
0,0,0.32349847405148036
0,0,0.32349847405148036
0,0,0.32349847405148036
0,0,0.32349847405148036
0,0,0.32349847405148036
0,0,0.32349847405148036
1,0,0.39175842066948524
0,0,0.39175842066948524
0,0,0.39175842066948524
0,0,0.30646649839377704
0,0,0.30646649839377704
0,0,0.30646649839377704
0,0,0.40682851960732636
0,0,0.40682851960732636
0,0,0.25853286967806727
0,0,0.25853286967806727
0,0,0.25853286967806727
0,0,0.25853286967806727
0,0,0.25853286967806727
0,0,0.30873546528703394
0,0,0.4290302645564475
0,0,0.4049222292938577
0,0,0.4049222292938577
0,0,0.30007141384216013
0,0,0.30007141384216013
0,0,0.30007141384216013
0,0,0.30007141384216013
0,0,0.33865745695509475
0,0,0.33865745695509475
0,0,0.33865745695509475
0,0,0.45061892670746717
0,0,0.22319157394857492
0,0,0.22319157394857492
1,0,0.22319157394857492
0,0,0.22319157394857492
0,0,0.22319157394857492
0,0,0.22319157394857492
0,0,0.22300240118328646
0,0,0.22300240118328646
0,0,0.22300240118328646
0,0,0.22300240118328646
1,0,0.4529745208711389
0,0,0.4529745208711389
0,0,0.4529745208711389
0,0,0.35205945183397935
0,0,0.35205945183397935
0,0,0.35205945183397935
0,0,0.35205945183397935
0,0,0.27137242080813345
0,0,0.27137242080813345
0,0,0.27137242080813345
0,0,0.27137242080813345
0,0,0.27137242080813345
0,0,0.27137242080813345
0,0,0.36508741601353106
0,0,0.36508741601353106
0,0,0.4051953249152598
0,0,0.4051953249152598
0,0,0.4051953249152598
0,0,0.4051953249152598
0,0,0.4051953249152598
0,0,0.3514473060833951
0,0,0.3514473060833951
0,0,0.3514473060833951
0,0,0.3514473060833951
0,0,0.3514473060833951
0,0,0.3514473060833951
0,0,0.3514473060833951
0,0,0.3514473060833951
0,0,0.21396524139149126
0,0,0.21396524139149126
0,0,0.21396524139149126
0,0,0.21396524139149126
0,0,0.21396524139149126
0,0,0.21396524139149126
0,0,0.21396524139149126
1,0,0.2922961062562207
0,0,0.32421028468363233
0,0,0.32421028468363233
0,0,0.32421028468363233
0,0,0.32421028468363233
0,0,0.32421028468363233
0,0,0.32421028468363233
0,0,0.32421028468363233
0,0,0.428529185491247
0,0,0.30002282862597807
0,0,0.30002282862597807
0,0,0.30002282862597807
0,0,0.30002282862597807
0,0,0.44875059171632536
0,0,0.44875059171632536
1,0,0.27071722510901003
1,0,0.27071722510901003
0,0,0.27071722510901003
0,0,0.27071722510901003
0,0,0.27071722510901003
1,0,0.35260704026327
0,0,0.35260704026327
0,0,0.35260704026327
0,0,0.35260704026327
0,0,0.35260704026327
0,0,0.35260704026327
0,0,0.35260704026327
0,0,0.35260704026327
1,0,0.35260704026327
1,0,0.35260704026327
0,0,0.35260704026327
0,0,0.35260704026327
0,0,0.2569042199442126
0,0,0.2569042199442126
0,0,0.2569042199442126
0,0,0.2569042199442126
0,0,0.2569042199442126
0,0,0.2569042199442126
0,0,0.2569042199442126
0,0,0.2569042199442126
0,0,0.3628325013451173
0,0,0.3628325013451173
0,0,0.3628325013451173
0,0,0.40609664783825783
0,0,0.40609664783825783
0,0,0.40609664783825783
0,0,0.40609664783825783
0,0,0.40609664783825783
0,0,0.40609664783825783
0,0,0.40609664783825783
0,0,0.25350278829171763
0,0,0.18712043460421296
0,0,0.18712043460421296
0,0,0.18712043460421296
0,0,0.3283330119972661
0,0,0.3283330119972661
0,0,0.3283330119972661
0,0,0.3283330119972661
0,0,0.3283330119972661
0,0,0.3283330119972661
0,0,0.3283330119972661
0,0,0.40518950038046325
0,0,0.40518950038046325
0,0,0.40518950038046325
0,0,0.40518950038046325
0,0,0.40518950038046325
0,0,0.3056238628038428
0,0,0.42791176540193837
1,0,0.42791176540193837
1,0,0.42791176540193837
1,0,0.42791176540193837
0,0,0.22011690308929655
0,0,0.22011690308929655
0,0,0.22011690308929655
0,0,0.22011690308929655
0,0,0.22011690308929655
0,0,0.22011690308929655
0,0,0.22011690308929655
0,0,0.22011690308929655
0,0,0.22011690308929655
0,0,0.22011690308929655
0,0,0.16976550113471137
0,0,0.16976550113471137
0,0,0.16976550113471137
0,0,0.16976550113471137
0,0,0.16976550113471137
1,0,0.22554491255706505
0,0,0.22554491255706505
1,0,0.22554491255706505
1,0,0.22554491255706505
1,0,0.22554491255706505
1,0,0.22554491255706505
1,0,0.22554491255706505
1,0,0.22554491255706505
1,0,0.22554491255706505
0,0,0.21934642170288282
0,0,0.21934642170288282
0,0,0.21934642170288282
0,0,0.21934642170288282
1,0,0.21934642170288282
0,0,0.21934642170288282
0,0,0.21934642170288282
0,0,0.21934642170288282
0,0,0.21934642170288282
0,0,0.4208301182755075
0,0,0.4208301182755075
0,0,0.4208301182755075
0,0,0.4208301182755075
0,0,0.4208301182755075
0,0,0.4208301182755075
0,0,0.4208301182755075
0,0,0.4208301182755075
0,0,0.4208301182755075
0,0,0.4208301182755075
0,0,0.4208301182755075
0,0,0.4208301182755075
0,0,0.4208301182755075
0,0,0.4306645637475679
0,0,0.4306645637475679
0,0,0.4306645637475679
0,0,0.29022355245065
0,0,0.29022355245065
0,0,0.29022355245065
0,0,0.29022355245065
0,0,0.3941254796254266
0,0,0.27262612124825786
0,0,0.3865956024951228
0,0,0.3865956024951228
0,0,0.3865956024951228
0,0,0.3865956024951228
0,0,0.367945169650107
0,0,0.3869634277849545
0,0,0.3869634277849545
0,0,0.3869634277849545
0,0,0.3869634277849545
0,0,0.2337690512691901
0,0,0.2337690512691901
0,0,0.2337690512691901
0,0,0.2337690512691901
0,0,0.3987981240571179
0,0,0.3987981240571179
0,0,0.3987981240571179
0,0,0.3987981240571179
0,0,0.3987981240571179
0,0,0.3987981240571179
1,0,0.3721193149241307
0,0,0.3721193149241307
1,0,0.3721193149241307
0,0,0.3627366507226911
0,0,0.3627366507226911
1,0,0.3627366507226911
0,0,0.3627366507226911
0,0,0.3627366507226911
0,0,0.4287336998876803
0,0,0.4287336998876803
0,0,0.4287336998876803
0,0,0.4287336998876803
0,0,0.4287336998876803
0,0,0.4287336998876803
0,0,0.22633469389934674
0,0,0.22633469389934674
0,0,0.22633469389934674
0,0,0.22633469389934674
0,0,0.22633469389934674
0,0,0.22633469389934674
0,0,0.22633469389934674
0,0,0.33159272647171834
0,0,0.33159272647171834
0,0,0.33159272647171834
0,0,0.33159272647171834
0,0,0.3644679590813494
0,0,0.3644679590813494
0,0,0.3644679590813494
0,0,0.3644679590813494
0,0,0.2959069780574146
1,0,0.2959069780574146
1,0,0.2959069780574146
0,0,0.2959069780574146
1,0,0.2959069780574146
0,0,0.2959069780574146
0,0,0.2959069780574146
0,0,0.2959069780574146
0,0,0.2959069780574146
0,0,0.2959069780574146
0,0,0.2959069780574146
0,0,0.2959069780574146
0,0,0.2959069780574146
0,0,0.2959069780574146
0,0,0.2959069780574146
1,0,0.2959069780574146
0,0,0.2959069780574146
0,0,0.2959069780574146
0,0,0.3665418769841901
0,0,0.3665418769841901
0,0,0.3665418769841901
0,0,0.3665418769841901
1,0,0.23371568832700138
0,0,0.23371568832700138
0,0,0.3619908597540105
0,0,0.3619908597540105
0,0,0.3619908597540105
0,0,0.3619908597540105
0,0,0.3619908597540105
0,0,0.2620155143903239
0,0,0.2620155143903239
0,0,0.2620155143903239
0,0,0.2620155143903239
0,0,0.2620155143903239
0,0,0.2620155143903239
0,0,0.2620155143903239
0,0,0.2620155143903239
0,0,0.2620155143903239
0,0,0.2620155143903239
0,0,0.2620155143903239
0,0,0.2620155143903239
0,0,0.2620155143903239
0,0,0.2130074755296119
0,0,0.2130074755296119
0,0,0.2130074755296119
0,0,0.26096869042720217
0,0,0.26096869042720217
0,0,0.26096869042720217
0,0,0.26096869042720217
0,0,0.26096869042720217
0,0,0.26096869042720217
0,0,0.26096869042720217
0,0,0.26096869042720217
0,0,0.3599418564437062
1,0,0.3599418564437062
1,0,0.3599418564437062
0,0,0.4652159600987936
0,0,0.4652159600987936
0,0,0.4652159600987936
0,0,0.3870061999877646
0,0,0.3870061999877646
0,0,0.3870061999877646
0,0,0.3870061999877646
0,0,0.3870061999877646
0,0,0.3870061999877646
0,0,0.3870061999877646
0,0,0.3870061999877646
1,0,0.32691259236593295
0,0,0.28709689865041527
0,0,0.213859481411251
0,0,0.213859481411251
0,0,0.213859481411251
0,0,0.213859481411251
0,0,0.213859481411251
0,0,0.2926196924834229
0,0,0.2926196924834229
0,0,0.2926196924834229
0,0,0.2926196924834229
0,0,0.2926196924834229
0,0,0.2926196924834229
0,0,0.2926196924834229
0,0,0.2926196924834229
0,0,0.25992698400855974
0,0,0.25992698400855974
0,0,0.25992698400855974
0,0,0.25992698400855974
0,0,0.25992698400855974
0,0,0.25992698400855974
0,0,0.44961645474486056
0,0,0.29224076917913555
0,0,0.29224076917913555
0,0,0.29224076917913555
0,0,0.29224076917913555
0,0,0.29224076917913555
0,0,0.3279791001077247
0,0,0.3279791001077247
0,0,0.3279791001077247
0,0,0.3279791001077247
0,0,0.3279791001077247
0,0,0.3279791001077247
0,0,0.3279791001077247
0,0,0.3279791001077247
0,0,0.3279791001077247
0,0,0.3279791001077247
0,0,0.3279791001077247
0,0,0.3279791001077247
0,0,0.3279791001077247
0,0,0.3279791001077247
0,0,0.4211574974912743
0,0,0.4211574974912743
0,0,0.36580199740450814
0,0,0.26218262601933157
0,0,0.26218262601933157
0,0,0.26218262601933157
0,0,0.26218262601933157
0,0,0.26218262601933157
0,0,0.24544526775677053
0,0,0.24544526775677053
0,0,0.24544526775677053
0,0,0.24544526775677053
0,0,0.24544526775677053
0,0,0.3922849466888808
0,0,0.3922849466888808
0,0,0.3922849466888808
0,0,0.138963717062908
0,0,0.138963717062908
0,0,0.138963717062908
1,1,0.5361752342502437
0,0,0.26621267564985035
0,0,0.26621267564985035
0,0,0.26621267564985035
0,0,0.4757803351385963
0,0,0.4757803351385963
0,0,0.31771701490761417
1,0,0.31771701490761417
1,0,0.31771701490761417
1,0,0.31771701490761417
0,0,0.31771701490761417
0,0,0.31771701490761417
1,0,0.31771701490761417
0,0,0.31771701490761417
1,0,0.31771701490761417
0,0,0.4499352700397515
0,0,0.4499352700397515
1,0,0.22068677666013892
0,0,0.22068677666013892
1,0,0.22068677666013892
0,0,0.22068677666013892
0,0,0.22068677666013892
0,0,0.22068677666013892
0,0,0.22068677666013892
0,0,0.22068677666013892
0,0,0.22068677666013892
0,0,0.22068677666013892
0,0,0.23298014064599276
1,0,0.23298014064599276
1,0,0.23298014064599276
1,0,0.23298014064599276
0,1,0.5424800946088364
0,1,0.5424800946088364
0,1,0.5424800946088364
0,0,0.21264152174786846
0,0,0.21264152174786846
1,0,0.21264152174786846
0,0,0.21264152174786846
0,0,0.21264152174786846
0,0,0.36317980750794
0,0,0.36317980750794
0,0,0.36317980750794
0,0,0.36317980750794
0,0,0.40182326770545146
0,0,0.40182326770545146
0,0,0.2954139772888047
0,0,0.2954139772888047
0,0,0.2954139772888047
0,0,0.2954139772888047
0,0,0.2954139772888047
0,0,0.28403619211675635
0,0,0.4782975936686629
0,0,0.4782975936686629
0,0,0.4782975936686629
0,0,0.4782975936686629
0,0,0.4782975936686629
0,0,0.24729696729808506
0,0,0.24729696729808506
0,0,0.41798454033897675
0,0,0.41798454033897675
0,0,0.41798454033897675
0,0,0.4000859725000037
0,0,0.4000859725000037
0,0,0.4000859725000037
0,0,0.2688741548031892
0,0,0.2688741548031892
0,0,0.2688741548031892
0,0,0.2688741548031892
0,0,0.2688741548031892
0,0,0.2688741548031892
0,0,0.2688741548031892
0,0,0.2688741548031892
0,0,0.2688741548031892
0,0,0.2688741548031892
0,0,0.36616901082856607
0,0,0.36616901082856607
0,0,0.3353144619436804
0,0,0.3353144619436804
0,0,0.27855764989254295
0,0,0.27855764989254295
0,0,0.44410642301183983
0,0,0.44410642301183983
0,0,0.36488381727263985
1,0,0.36488381727263985
0,0,0.3310177435860288
0,0,0.3310177435860288
0,0,0.455770466333974
0,0,0.455770466333974
0,0,0.455770466333974
0,0,0.455770466333974
0,0,0.455770466333974
0,0,0.2767610995071766
0,0,0.2767610995071766
0,0,0.3126647085034937
0,0,0.3126647085034937
0,0,0.3126647085034937
0,0,0.4282984433933902
0,0,0.4282984433933902
1,0,0.4282984433933902
0,0,0.4282984433933902
0,0,0.4282984433933902
0,0,0.4282984433933902
0,0,0.19038748295894412
0,0,0.19038748295894412
0,0,0.3397215457587788
0,0,0.3397215457587788
0,0,0.3403035270572009
1,0,0.4042498132642962
0,0,0.3394883766738605
0,0,0.27287692114278955
0,0,0.36394649086215103
1,0,0.1895636175427953
1,0,0.1895636175427953
0,0,0.1895636175427953
0,0,0.1895636175427953
0,0,0.1895636175427953
1,0,0.1895636175427953
0,0,0.21876465571426607
0,0,0.2930018983718777
0,0,0.3321661087441771
0,0,0.3321661087441771
0,0,0.3321661087441771
0,0,0.3321661087441771
0,0,0.3321661087441771
0,0,0.3321661087441771
0,0,0.3321661087441771
0,0,0.3321661087441771
0,0,0.3321661087441771
0,0,0.3321661087441771
0,0,0.24582111179286925
0,0,0.24582111179286925
0,0,0.36917087906905627
0,0,0.36917087906905627
1,0,0.36917087906905627
0,0,0.36917087906905627
0,0,0.43970537845337837
0,0,0.43970537845337837
0,0,0.43970537845337837
0,0,0.43970537845337837
0,0,0.43970537845337837
0,0,0.43970537845337837
0,0,0.43970537845337837
0,0,0.23554190689949825
1,0,0.23554190689949825
0,0,0.23554190689949825
0,0,0.23554190689949825
0,0,0.23895260311431252
0,0,0.23895260311431252
0,0,0.23895260311431252
0,0,0.23895260311431252
0,0,0.30649673899919966
0,0,0.30649673899919966
0,0,0.30649673899919966
0,0,0.30649673899919966
0,0,0.30649673899919966
1,0,0.2877915490138727
0,0,0.3338213239601139
0,0,0.3338213239601139
0,0,0.3338213239601139
0,0,0.3338213239601139
0,0,0.3338213239601139
0,0,0.3338213239601139
0,0,0.3338213239601139
0,0,0.3338213239601139
0,0,0.3338213239601139
0,0,0.3338213239601139
0,0,0.3888761098473042
0,0,0.2615136312427421
0,0,0.2615136312427421
0,0,0.2615136312427421
0,0,0.2615136312427421
0,0,0.28671451143978205
0,0,0.28671451143978205
0,0,0.2735137930905369
0,0,0.2735137930905369
0,0,0.33449271729650193
0,0,0.3582430426779593
0,0,0.3582430426779593
0,0,0.3582430426779593
0,0,0.3582430426779593
0,0,0.3224426814354804
0,0,0.3224426814354804
0,0,0.3224426814354804
0,0,0.3224426814354804
0,0,0.4406356486918175
0,0,0.4406356486918175
0,0,0.39520403132199816
0,0,0.24598003437839516
0,0,0.24598003437839516
0,0,0.24598003437839516
0,0,0.24598003437839516
0,0,0.24598003437839516
0,0,0.24598003437839516
0,0,0.24598003437839516
0,0,0.24598003437839516
0,0,0.306000056743866
0,0,0.306000056743866
0,0,0.306000056743866
0,0,0.306000056743866
0,0,0.306000056743866
0,0,0.306000056743866
0,0,0.306000056743866
0,0,0.306000056743866
0,1,0.5276427915466954
0,0,0.23876333618241194
0,0,0.23876333618241194
0,0,0.23876333618241194
0,0,0.4279954304041999
0,0,0.4279954304041999
0,0,0.4279954304041999
0,0,0.4279954304041999
0,0,0.33976023103573055
0,0,0.33976023103573055
0,0,0.408738085121157
0,0,0.408738085121157
0,0,0.408738085121157
0,0,0.408738085121157
0,0,0.408738085121157
0,0,0.408738085121157
0,0,0.408738085121157
0,0,0.408738085121157
0,0,0.408738085121157
0,0,0.408738085121157
0,0,0.408738085121157
0,0,0.408738085121157
0,0,0.408738085121157
0,0,0.408738085121157
0,0,0.408738085121157
0,0,0.33128095841934696
0,0,0.33128095841934696
0,0,0.33128095841934696
0,0,0.4129503887939606
0,0,0.4129503887939606
0,0,0.4129503887939606
0,0,0.4129503887939606
0,0,0.32624506042057916
0,0,0.32624506042057916
0,0,0.32624506042057916
0,0,0.32624506042057916
1,0,0.34281440301687965
0,0,0.3118719939943204
0,0,0.3118719939943204
0,0,0.33094195285148276
0,0,0.33094195285148276
0,0,0.33094195285148276
0,0,0.33094195285148276
0,0,0.33094195285148276
0,0,0.47833512722073473
0,0,0.47833512722073473
0,0,0.47833512722073473
0,0,0.47833512722073473
0,0,0.3244016761695778
0,0,0.3244016761695778
0,0,0.3244016761695778
0,0,0.3244016761695778
0,0,0.21614787666426177
0,0,0.21614787666426177
0,0,0.36455010282778866
0,0,0.36455010282778866
0,0,0.36455010282778866
0,0,0.36455010282778866
0,0,0.36455010282778866
0,0,0.36455010282778866
0,0,0.36455010282778866
0,0,0.36455010282778866
0,0,0.4167473311687928
0,0,0.4167473311687928
0,0,0.4167473311687928
0,0,0.4167473311687928
0,0,0.4167473311687928
0,0,0.4167473311687928
0,0,0.4109661175767345
0,0,0.4109661175767345
0,0,0.4109661175767345
0,0,0.17209044088360018
0,0,0.17209044088360018
0,0,0.17209044088360018
0,0,0.17209044088360018
0,0,0.17209044088360018
0,0,0.17209044088360018
0,0,0.17209044088360018
0,0,0.17209044088360018
0,0,0.17209044088360018
0,0,0.17209044088360018
0,0,0.17209044088360018
0,0,0.17209044088360018
0,0,0.17209044088360018
0,0,0.17209044088360018
0,0,0.17209044088360018
0,0,0.29378950804591936
0,0,0.29378950804591936
0,0,0.29378950804591936
0,0,0.29378950804591936
0,0,0.29378950804591936
0,0,0.29378950804591936
0,0,0.29378950804591936
0,0,0.3229606071320913
0,0,0.3169978340282293
0,0,0.25857995660385685
0,0,0.25857995660385685
0,0,0.25857995660385685
0,0,0.42135211407390644
0,0,0.42135211407390644
0,0,0.42135211407390644
0,0,0.2809758733258307
0,0,0.2809758733258307
0,0,0.2809758733258307
0,0,0.2809758733258307
0,0,0.2809758733258307
0,0,0.2809758733258307
0,0,0.2809758733258307
0,0,0.2809758733258307
0,0,0.3679602086277833
0,0,0.3679602086277833
0,0,0.3679602086277833
0,0,0.3679602086277833
0,0,0.3679602086277833
0,0,0.3679602086277833
0,0,0.3679602086277833
0,0,0.3679602086277833
0,0,0.3679602086277833
0,0,0.4261214382261177
0,0,0.4261214382261177
1,0,0.4261214382261177
0,0,0.4261214382261177
0,0,0.4261214382261177
1,0,0.4261214382261177
0,0,0.4261214382261177
0,0,0.4261214382261177
0,1,0.7489054062006809
0,1,0.7489054062006809
0,1,0.7489054062006809
0,0,0.3202602355272124
0,0,0.3202602355272124
0,0,0.3202602355272124
0,0,0.28999803306554334
0,0,0.28999803306554334
0,0,0.28999803306554334
0,0,0.28999803306554334
0,0,0.28999803306554334
0,0,0.28999803306554334
0,0,0.29262886703501023
0,0,0.29262886703501023
0,0,0.29262886703501023
0,0,0.3910429627638582
0,0,0.3910429627638582
0,0,0.3910429627638582
0,1,0.5884118650892479
1,1,0.5884118650892479
0,1,0.5884118650892479
0,1,0.5884118650892479
0,1,0.5884118650892479
0,1,0.5884118650892479
0,0,0.20608574198558838
0,0,0.20608574198558838
0,0,0.20608574198558838
0,0,0.20608574198558838
0,0,0.3570032595651
0,0,0.3570032595651
0,0,0.3502887859782687
0,0,0.3502887859782687
0,0,0.2947723564883715
0,0,0.2947723564883715
0,0,0.2947723564883715
0,0,0.2947723564883715
0,0,0.30736669232249597
0,0,0.30736669232249597
0,0,0.30736669232249597
0,0,0.30736669232249597
0,0,0.30736669232249597
0,0,0.30736669232249597
0,0,0.30736669232249597
0,0,0.3675072004904347
0,0,0.3675072004904347
0,0,0.3675072004904347
0,0,0.3675072004904347
0,0,0.3675072004904347
0,0,0.3675072004904347
0,0,0.3675072004904347
0,0,0.3675072004904347
0,0,0.3675072004904347
0,0,0.3675072004904347
0,0,0.3675072004904347
0,0,0.3675072004904347
0,0,0.3031620338044733
0,0,0.3031620338044733
0,0,0.3031620338044733
0,0,0.3031620338044733
0,0,0.3031620338044733
0,0,0.3031620338044733
0,0,0.3031620338044733
0,0,0.3031620338044733
0,0,0.4303026534691079
0,0,0.4303026534691079
0,0,0.19710148924781662
0,0,0.19710148924781662
0,0,0.19710148924781662
0,0,0.19710148924781662
0,0,0.19710148924781662
0,0,0.19710148924781662
1,0,0.30446799247847134
0,0,0.30446799247847134
0,0,0.30446799247847134
0,0,0.30446799247847134
0,0,0.30446799247847134
0,0,0.30446799247847134
0,0,0.3169883833821634
0,0,0.34904541751166734
0,0,0.34904541751166734
0,0,0.34904541751166734
0,0,0.34904541751166734
0,0,0.29143597238463237
0,0,0.29143597238463237
0,0,0.29143597238463237
0,0,0.29143597238463237
0,0,0.29143597238463237
0,0,0.29143597238463237
1,0,0.29143597238463237
0,0,0.29143597238463237
0,0,0.29143597238463237
0,0,0.29143597238463237
0,0,0.29143597238463237
0,0,0.29143597238463237
0,0,0.29143597238463237
0,0,0.29143597238463237
0,0,0.28504135552620197
0,0,0.28504135552620197
0,0,0.28504135552620197
0,0,0.28504135552620197
0,0,0.28504135552620197
0,0,0.28504135552620197
1,0,0.28504135552620197
0,0,0.28504135552620197
0,0,0.28504135552620197
0,0,0.28504135552620197
0,0,0.28504135552620197
0,0,0.28504135552620197
0,0,0.2614369775675275
0,0,0.2614369775675275
0,0,0.2614369775675275
0,0,0.2614369775675275
0,0,0.2614369775675275
0,0,0.43752528666150753
0,0,0.43752528666150753
1,0,0.28148729269878325
1,0,0.28148729269878325
0,0,0.28148729269878325
1,0,0.28148729269878325
0,0,0.28148729269878325
0,0,0.34867546422589385
0,0,0.34867546422589385
0,0,0.34867546422589385
0,0,0.21249863781785064
0,0,0.21249863781785064
0,0,0.21249863781785064
0,0,0.21249863781785064
1,0,0.21249863781785064
0,0,0.21249863781785064
0,0,0.21249863781785064
0,0,0.21249863781785064
0,0,0.21249863781785064
0,0,0.21249863781785064
0,0,0.21249863781785064
0,0,0.21249863781785064
1,0,0.21249863781785064
0,0,0.21249863781785064
1,0,0.21249863781785064
0,0,0.2503539168443785
0,0,0.2503539168443785
0,0,0.24677506741149668
0,0,0.24677506741149668
0,0,0.24677506741149668
0,0,0.24677506741149668
0,0,0.24677506741149668
0,0,0.24677506741149668
0,0,0.2902527368294638
0,0,0.2902527368294638
0,0,0.2902527368294638
0,0,0.2902527368294638
0,0,0.2902527368294638
1,0,0.2902527368294638
0,0,0.2902527368294638
0,0,0.2902527368294638
0,0,0.203736605099186
1,0,0.203736605099186
0,0,0.203736605099186
1,0,0.29424296272049033
1,0,0.29424296272049033
1,0,0.29424296272049033
0,0,0.3452921999660603
0,0,0.3452921999660603
0,0,0.3452921999660603
0,0,0.3452921999660603
0,0,0.3452921999660603
0,0,0.3452921999660603
0,0,0.3452921999660603
0,0,0.3452921999660603
0,0,0.3452921999660603
0,0,0.3452921999660603
0,0,0.3452921999660603
0,0,0.3452921999660603
0,0,0.32185073767563227
1,0,0.33573309232206733
0,0,0.33573309232206733
0,0,0.26238318644892794
0,0,0.26238318644892794
0,0,0.26238318644892794
0,0,0.26238318644892794
0,0,0.26238318644892794
0,0,0.26238318644892794
0,0,0.26238318644892794
0,0,0.26238318644892794
0,0,0.26238318644892794
0,0,0.26238318644892794
0,0,0.26238318644892794
0,0,0.26238318644892794
0,0,0.26238318644892794
0,0,0.26238318644892794
1,0,0.301291626755637
0,0,0.301291626755637
0,0,0.4303205919096763
0,0,0.30354365040590353
0,0,0.42726141881133795
0,0,0.48314873374177714
0,0,0.21341142412053507
0,0,0.37211849932058527
0,0,0.18679497316356714
0,0,0.24274674993498038
0,0,0.3217361880373143
0,0,0.3515243204929133
0,0,0.39538306364542336
0,0,0.29080545564686755
0,0,0.37273782767247754
0,0,0.27275597546338964
0,0,0.27275597546338964
0,0,0.27275597546338964
0,0,0.27275597546338964
0,0,0.27275597546338964
0,0,0.27275597546338964
0,0,0.27275597546338964
0,0,0.27275597546338964
0,0,0.27275597546338964
0,0,0.27275597546338964
0,0,0.27275597546338964
0,0,0.27275597546338964
0,0,0.27275597546338964
0,0,0.27275597546338964
1,0,0.23459593721171657
0,0,0.23240253643792244
0,0,0.1891622127884554
0,0,0.3053363201182027
0,0,0.34613881992111395
0,0,0.24139842345525936
0,0,0.40289738590490126
0,0,0.3406161377293769
0,0,0.3406161377293769
0,0,0.39462496109268325
0,0,0.3210834376754114
0,0,0.32104797252576744
0,0,0.32104797252576744
0,1,0.5201151211170005
0,0,0.23751905771636153
1,0,0.3000403821210602
0,0,0.28114692482592685
0,0,0.28114692482592685
0,0,0.15975153665747757
0,0,0.15975153665747757
1,0,0.29397485739548396
0,0,0.34642589348854785
0,0,0.487942894726756
0,0,0.23496804881888111
0,0,0.38761557223374893
0,0,0.32674600436333096
1,0,0.3442634856080627
0,0,0.27844637231923575
0,0,0.2405821501657424
0,0,0.30424162747547334
0,0,0.42301707498852636
0,0,0.42301707498852636
0,0,0.19538751362895102
0,0,0.23947320209846076
0,0,0.25140113397185326
0,0,0.24745637986530128
0,0,0.24745637986530128
0,0,0.3846947476234094
1,0,0.4087161704380076
0,0,0.2546610750767456
0,0,0.374495813455158
0,0,0.374495813455158
0,0,0.3499978153137159
0,0,0.3499978153137159
0,0,0.36203009371803263
0,0,0.36203009371803263
0,0,0.27310279849676256
0,0,0.26584348847147643
0,0,0.39302265945694537
0,0,0.2824069270087653
0,0,0.2479546357137695
0,0,0.3696169715498156
0,0,0.32319437416150776
0,0,0.24308227118444858
0,0,0.29099073168272666
1,0,0.27841118580842017
0,0,0.2111810398819999
0,0,0.33283388044791645
0,0,0.26730418740823736
0,0,0.2503249522532546
0,0,0.2778796706313781
0,0,0.32839346856448115
0,0,0.37489680538198483
1,0,0.2934515187505914
0,0,0.31690177725788915
0,0,0.3375630346635118
0,0,0.3375630346635118
0,0,0.3356437177825243
0,0,0.3356437177825243
0,0,0.3849380278015453
0,0,0.3849380278015453
0,0,0.3905523695367262
0,0,0.3905523695367262
0,0,0.3905523695367262
1,0,0.3830814488665321
0,0,0.31255050817803803
0,0,0.4297839213636768
0,0,0.36493499045586936
0,0,0.36493499045586936
0,0,0.3558881690230955
0,0,0.3837178218668378
0,0,0.439753072665671
0,0,0.439753072665671
0,0,0.27419950760514317
1,0,0.3323230346489056
0,0,0.3323230346489056
0,0,0.3323230346489056
0,0,0.3323230346489056
0,0,0.3323230346489056
0,0,0.3323230346489056
0,0,0.3323230346489056
0,0,0.3323230346489056
0,0,0.3277292392275863
0,0,0.3277292392275863
0,0,0.29371228618649053
0,0,0.29371228618649053
0,0,0.29371228618649053
0,0,0.29371228618649053
0,0,0.29371228618649053
0,0,0.29371228618649053
0,0,0.29371228618649053
0,0,0.30575336389651875
0,0,0.24593796197386245
0,0,0.24593796197386245
0,0,0.2821413563694905
0,0,0.26528242252858947
1,0,0.26528242252858947
0,0,0.4337389348989167
0,0,0.366704684254279
0,0,0.366704684254279
0,0,0.366704684254279
0,0,0.366704684254279
0,0,0.20343166319150507
0,0,0.20343166319150507
0,0,0.20343166319150507
0,0,0.20343166319150507
0,0,0.17242879892038102
0,0,0.17242879892038102
0,0,0.17242879892038102
0,0,0.2981985806051332
0,0,0.2981985806051332
0,0,0.2981985806051332
0,0,0.2981985806051332
0,0,0.2981985806051332
0,0,0.2981985806051332
0,0,0.2981985806051332
0,0,0.2981985806051332
0,0,0.2981985806051332
0,0,0.2981985806051332
0,0,0.2981985806051332
0,0,0.2981985806051332
0,0,0.2981985806051332
0,0,0.2981985806051332
0,0,0.3327103216829097
1,0,0.2672032659282568
0,0,0.4380319527263288
0,0,0.4380319527263288
0,0,0.4380319527263288
0,0,0.4380319527263288
0,0,0.3243169734584368
0,0,0.3243169734584368
0,0,0.3243169734584368
0,0,0.3243169734584368
0,0,0.3243169734584368
0,0,0.3243169734584368
0,0,0.3243169734584368
0,0,0.3243169734584368
0,0,0.3243169734584368
1,0,0.24726023995999216
0,0,0.24726023995999216
0,0,0.24726023995999216
0,0,0.24726023995999216
1,0,0.24726023995999216
0,0,0.24726023995999216
0,0,0.24726023995999216
0,0,0.24726023995999216
0,1,0.5027143877569404
0,0,0.20733489731252763
0,0,0.20733489731252763
0,0,0.40235159472885756
1,0,0.40235159472885756
0,0,0.41808202244131754
0,0,0.41808202244131754
0,0,0.41808202244131754
0,0,0.41808202244131754
0,0,0.340050967952478
0,0,0.340050967952478
0,0,0.340050967952478
0,0,0.29029945442205884
0,0,0.29029945442205884
0,0,0.3546060892996858
0,0,0.3546060892996858
0,0,0.3201414234706517
0,0,0.3201414234706517
0,0,0.3201414234706517
0,0,0.3201414234706517
0,0,0.3201414234706517
0,0,0.3201414234706517
0,0,0.3201414234706517
0,0,0.42133139248185203
0,0,0.42133139248185203
0,0,0.42133139248185203
0,0,0.3503281203223432
0,0,0.3503281203223432
0,0,0.3503281203223432
0,0,0.37088440834718467
0,0,0.37088440834718467
0,0,0.37088440834718467
0,0,0.4692663145135421
0,0,0.2727636484872315
0,0,0.2727636484872315
0,0,0.2727636484872315
0,0,0.2727636484872315
0,0,0.2727636484872315
0,0,0.2727636484872315
0,0,0.41634548572161045
0,0,0.41634548572161045
0,0,0.41634548572161045
0,0,0.4194781248143039
0,0,0.4194781248143039
0,0,0.3099163036838438
0,0,0.3099163036838438
0,0,0.3099163036838438
0,0,0.3099163036838438
0,0,0.3099163036838438
0,0,0.3099163036838438
0,0,0.19068528456655912
0,0,0.19068528456655912
1,0,0.19068528456655912
1,0,0.19068528456655912
0,0,0.445488820259484
0,0,0.2645811404606948
0,0,0.2645811404606948
0,0,0.2645811404606948
0,0,0.2645811404606948
0,0,0.2645811404606948
0,0,0.2645811404606948
0,0,0.2645811404606948
0,0,0.27978765567825503
0,0,0.27978765567825503
0,0,0.27978765567825503
0,0,0.27978765567825503
0,0,0.27978765567825503
1,0,0.3815925164206688
0,0,0.4279342645604289
0,0,0.4279342645604289
1,0,0.37580094037282613
1,0,0.27687329607097966
0,0,0.38786268111770333
0,0,0.38786268111770333
0,0,0.38786268111770333
0,0,0.38786268111770333
0,0,0.38786268111770333
0,0,0.15442937558740358
0,0,0.15442937558740358
0,0,0.15442937558740358
0,0,0.15442937558740358
0,0,0.15442937558740358
0,0,0.15442937558740358
0,0,0.3056985604254565
0,0,0.3056985604254565
0,0,0.3056985604254565
1,0,0.25818202051617645
0,0,0.25818202051617645
1,0,0.25818202051617645
1,0,0.25818202051617645
0,0,0.2881390992195241
0,0,0.2881390992195241
1,0,0.2881390992195241
0,0,0.2881390992195241
0,0,0.23809676435324342
1,0,0.23809676435324342
0,0,0.4040560335783009
0,0,0.4040560335783009
0,0,0.4040560335783009
0,0,0.4040560335783009
0,0,0.4040560335783009
0,0,0.4040560335783009
0,0,0.4040560335783009
0,0,0.4040560335783009
0,0,0.4040560335783009
1,0,0.2785948973091708
1,0,0.2785948973091708
0,0,0.2785948973091708
0,0,0.2550016978378974
1,0,0.2550016978378974
0,0,0.3024609404041733
0,0,0.3024609404041733
0,0,0.3024609404041733
0,0,0.3645176318703372
0,0,0.3645176318703372
0,0,0.3645176318703372
0,0,0.3645176318703372
0,0,0.3645176318703372
0,0,0.3395525856912507
1,0,0.3395525856912507
1,0,0.3395525856912507
1,0,0.3395525856912507
1,0,0.3395525856912507
0,0,0.39397957013676416
0,0,0.39397957013676416
0,0,0.39397957013676416
0,0,0.39397957013676416
0,0,0.39397957013676416
0,0,0.39397957013676416
0,0,0.39397957013676416
0,0,0.40565444746269713
0,0,0.22017628146705712
0,0,0.22017628146705712
0,0,0.22017628146705712
0,0,0.22017628146705712
0,0,0.37378422140868606
0,0,0.37378422140868606
0,0,0.37378422140868606
0,0,0.37378422140868606
0,0,0.37378422140868606
0,0,0.3541547005295065
0,0,0.3532034888617143
1,0,0.3532034888617143
1,0,0.3532034888617143
1,0,0.3532034888617143
0,0,0.31608938582273344
0,0,0.31608938582273344
0,0,0.37676348880101423
0,0,0.37676348880101423
0,0,0.37676348880101423
0,0,0.37676348880101423
0,0,0.37676348880101423
1,0,0.44213801921075235
0,0,0.44213801921075235
1,0,0.44213801921075235
0,0,0.37382061330736455
0,0,0.37382061330736455
1,0,0.324347408738012
0,0,0.19427999179102787
0,0,0.19427999179102787
0,0,0.19427999179102787
0,0,0.19427999179102787
0,0,0.19427999179102787
0,0,0.19427999179102787
0,0,0.19427999179102787
0,0,0.3701261086718229
0,0,0.3701261086718229
0,0,0.3701261086718229
0,0,0.3701261086718229
0,0,0.20459475082097633
0,0,0.20459475082097633
0,0,0.20459475082097633
0,0,0.22239141319401806
0,0,0.2533260324697009
0,0,0.2533260324697009
0,0,0.2533260324697009
0,0,0.2533260324697009
0,0,0.2533260324697009
0,0,0.24364546512658486
0,0,0.31343790915972763
0,0,0.31343790915972763
0,0,0.31343790915972763
0,0,0.31343790915972763
0,0,0.31343790915972763
0,0,0.31343790915972763
0,0,0.31343790915972763
0,0,0.31343790915972763
1,0,0.31343790915972763
0,0,0.31343790915972763
0,0,0.31343790915972763
0,0,0.14687953327241496
0,0,0.14687953327241496
0,0,0.14687953327241496
0,0,0.14687953327241496
0,0,0.3367084566082967
0,0,0.3367084566082967
0,0,0.3367084566082967
0,0,0.3367084566082967
0,0,0.3367084566082967
0,0,0.3367084566082967
0,0,0.3367084566082967
0,0,0.3367084566082967
0,0,0.3367084566082967
0,0,0.3367084566082967
0,0,0.3367084566082967
0,0,0.23864720435541334
0,0,0.24793518943945553
0,0,0.24793518943945553
0,0,0.24793518943945553
0,0,0.34006668223263664
0,0,0.34006668223263664
0,0,0.3875509099094719
1,0,0.3875509099094719
0,0,0.3875509099094719
1,0,0.3875509099094719
0,0,0.3875509099094719
0,0,0.3875509099094719
0,0,0.48190410661669225
1,0,0.48190410661669225
0,0,0.48190410661669225
1,0,0.335919456130393
1,0,0.335919456130393
1,0,0.335919456130393
1,0,0.335919456130393
0,0,0.336503128014637
0,0,0.336503128014637
0,0,0.336503128014637
0,0,0.336503128014637
0,0,0.336503128014637
0,0,0.336503128014637
0,0,0.3134499508755594
0,0,0.26017381879324725
0,0,0.26017381879324725
0,0,0.26017381879324725
0,0,0.26017381879324725
0,0,0.26017381879324725
0,0,0.37369391918030787
0,0,0.37369391918030787
0,0,0.37369391918030787
0,0,0.27210196260401254
1,0,0.27210196260401254
0,0,0.27210196260401254
0,0,0.46297272231444425
0,0,0.4666944779326165
0,0,0.4666944779326165
0,0,0.4666944779326165
0,0,0.4666944779326165
0,0,0.3846815632520117
0,1,0.502372992885958
0,1,0.502372992885958
0,1,0.502372992885958
0,1,0.502372992885958
0,1,0.502372992885958
0,1,0.502372992885958
0,1,0.502372992885958
0,1,0.502372992885958
0,0,0.45119257451437106
0,0,0.45119257451437106
0,0,0.45119257451437106
0,0,0.45119257451437106
0,0,0.45119257451437106
0,0,0.45119257451437106
0,0,0.45119257451437106
0,0,0.45119257451437106
0,0,0.45119257451437106
0,0,0.45119257451437106
0,0,0.42891802785102073
0,0,0.42891802785102073
0,0,0.42891802785102073
0,0,0.4235135587172437
0,0,0.4235135587172437
1,0,0.3601053266077814
1,0,0.3601053266077814
1,0,0.3601053266077814
0,0,0.3601053266077814
0,0,0.4246427012575533
0,0,0.4246427012575533
0,0,0.4246427012575533
0,0,0.33547352280316434
0,0,0.33547352280316434
0,0,0.33547352280316434
0,0,0.33547352280316434
0,0,0.33547352280316434
0,0,0.33547352280316434
0,0,0.33547352280316434
0,0,0.33547352280316434
0,0,0.33547352280316434
0,0,0.33547352280316434
0,0,0.3659639057391504
1,0,0.3659639057391504
0,0,0.3659639057391504
0,0,0.3659639057391504
0,0,0.3659639057391504
0,0,0.3659639057391504
0,0,0.3659639057391504
0,0,0.42433677623852817
0,0,0.38933959370772153
0,0,0.38933959370772153
0,0,0.38933959370772153
0,0,0.38933959370772153
0,0,0.38933959370772153
0,0,0.38933959370772153
0,0,0.28582804679825363
1,0,0.44457480565889745
0,0,0.44457480565889745
0,0,0.44457480565889745
0,0,0.44457480565889745
0,0,0.44457480565889745
0,0,0.44457480565889745
0,0,0.44457480565889745
1,0,0.44457480565889745
0,0,0.44457480565889745
0,0,0.44457480565889745
0,0,0.44457480565889745
0,0,0.44457480565889745
0,0,0.44457480565889745
1,0,0.44457480565889745
0,0,0.44457480565889745
0,0,0.44457480565889745
0,0,0.44457480565889745
0,0,0.3954276103667958
0,0,0.3954276103667958
0,0,0.3954276103667958
0,0,0.38182167817447504
0,0,0.38182167817447504
0,0,0.38182167817447504
0,0,0.38182167817447504
0,0,0.29151576056547823
0,0,0.25560427344799375
0,0,0.25560427344799375
0,0,0.25560427344799375
1,0,0.25560427344799375
1,0,0.25560427344799375
0,0,0.25560427344799375
1,0,0.25560427344799375
1,0,0.25560427344799375
0,0,0.25560427344799375
0,0,0.3007869862493903
0,0,0.3007869862493903
0,0,0.3007869862493903
0,0,0.3007869862493903
0,0,0.3007869862493903
0,0,0.3007869862493903
0,0,0.3007869862493903
0,0,0.3007869862493903
0,1,0.5042844490515117
0,1,0.5042844490515117
0,1,0.5042844490515117
1,1,0.5042844490515117
0,1,0.5042844490515117
0,1,0.5042844490515117
0,0,0.40002123380909343
0,0,0.40002123380909343
0,0,0.40002123380909343
0,0,0.40002123380909343
0,0,0.40002123380909343
0,0,0.40002123380909343
0,0,0.40002123380909343
0,0,0.46464626582134216
0,0,0.46464626582134216
0,0,0.46464626582134216
0,0,0.3122736332505779
0,0,0.20622669893350687
0,0,0.20622669893350687
0,0,0.20622669893350687
0,0,0.20622669893350687
0,0,0.20622669893350687
0,0,0.20622669893350687
0,0,0.20622669893350687
0,0,0.20622669893350687
0,0,0.31615413254896024
0,0,0.31615413254896024
0,0,0.33409494523349514
0,0,0.33409494523349514
0,0,0.35186291540532805
0,0,0.35186291540532805
0,0,0.35186291540532805
0,0,0.35186291540532805
0,0,0.35186291540532805
0,0,0.35186291540532805
0,0,0.35186291540532805
0,0,0.4767616827897607
0,0,0.4767616827897607
0,0,0.4767616827897607
0,0,0.3544642540012545
0,0,0.3544642540012545
0,0,0.32951373610777407
0,0,0.32951373610777407
0,1,0.5284059463683719
0,1,0.5284059463683719
0,1,0.5284059463683719
0,1,0.5284059463683719
0,1,0.5284059463683719
0,1,0.5284059463683719
0,1,0.5284059463683719
0,0,0.3147388813230139
1,0,0.3147388813230139
1,0,0.3095188618545394
0,0,0.3095188618545394
0,0,0.3095188618545394
0,0,0.3095188618545394
0,0,0.33913180398208764
0,0,0.33913180398208764
0,0,0.33913180398208764
0,0,0.23495637720178814
0,0,0.23495637720178814
0,0,0.23495637720178814
0,0,0.23495637720178814
0,0,0.23495637720178814
0,0,0.23495637720178814
0,0,0.23495637720178814
0,0,0.23495637720178814
0,0,0.25821304132977735
0,0,0.25821304132977735
0,0,0.25821304132977735
0,0,0.4579173743865117
0,0,0.4579173743865117
0,0,0.4579173743865117
0,0,0.27923255495843763
0,0,0.27923255495843763
0,0,0.27923255495843763
0,0,0.27923255495843763
1,0,0.27923255495843763
1,0,0.27923255495843763
0,0,0.23354649871321723
1,0,0.23354649871321723
0,0,0.23354649871321723
1,0,0.23354649871321723
1,0,0.346363769920307
1,0,0.346363769920307
0,0,0.11866438264619472
0,0,0.11866438264619472
0,0,0.11866438264619472
0,0,0.11866438264619472
0,0,0.11866438264619472
0,0,0.11866438264619472
0,0,0.11866438264619472
0,0,0.11866438264619472
0,0,0.11866438264619472
0,0,0.2747581008329437
0,0,0.2747581008329437
0,0,0.2747581008329437
0,0,0.2747581008329437
0,0,0.2747581008329437
0,0,0.25954937585780125
0,0,0.376838025760101
0,0,0.376838025760101
0,0,0.21084765079862158
0,1,0.5584240387734676
0,0,0.22868697112541678
0,0,0.22868697112541678
0,0,0.34128829328809046
0,0,0.34128829328809046
0,0,0.2568149108877845
1,0,0.3294432254202019
0,0,0.2562040034722246
0,0,0.35520477983931636
0,0,0.27052198593707
1,0,0.3757365559572786
0,0,0.3130842476565008
0,0,0.3130842476565008
0,0,0.37107157535985585
0,0,0.26843994511164787
0,0,0.32327577106519473
0,0,0.28794136965136974
0,0,0.29271733111446374
0,0,0.4030039447425425
1,0,0.2599601756743189
1,0,0.35064769235320076
0,0,0.4144658559887627
0,0,0.30268276330985266
0,0,0.30268276330985266
0,0,0.3358664377579653
0,0,0.25401980648916334
0,0,0.27266491161103057
0,0,0.27266491161103057
0,0,0.33054405610153614
0,0,0.2583830917976416
1,1,0.5206261669480164
0,0,0.32322530172441594
0,0,0.3325219790485926
0,0,0.3325219790485926
1,0,0.19948845690402198
0,0,0.32606572392952715
0,0,0.32606572392952715
0,0,0.36472553500464683
0,0,0.36472553500464683
0,0,0.36472553500464683
0,0,0.36472553500464683
0,0,0.2791051082807974
0,0,0.2791051082807974
0,0,0.2791051082807974
0,0,0.2791051082807974
0,0,0.2717022950225194
0,0,0.2717022950225194
0,0,0.2717022950225194
0,0,0.33966570284526176
0,0,0.33966570284526176
0,0,0.33966570284526176
0,0,0.33966570284526176
0,0,0.33966570284526176
0,0,0.21953729442941256
0,0,0.21953729442941256
0,0,0.21953729442941256
0,0,0.3418749075841342
1,0,0.23233692343923593
0,0,0.23233692343923593
0,0,0.23233692343923593
1,0,0.23233692343923593
0,0,0.23233692343923593
0,0,0.23233692343923593
0,0,0.23233692343923593
0,0,0.23233692343923593
0,0,0.3471832492609137
0,0,0.3471832492609137
0,0,0.3471832492609137
0,0,0.3471832492609137
0,0,0.3471832492609137
0,0,0.3471832492609137
0,0,0.3471832492609137
0,0,0.27768517477963206
0,0,0.3711041662058329
0,0,0.3711041662058329
0,0,0.3711041662058329
0,0,0.3711041662058329
0,0,0.3711041662058329
0,0,0.3711041662058329
0,0,0.3711041662058329
0,0,0.2567381523630438
0,0,0.3552492963521623
0,0,0.27688269273484856
0,0,0.17674233717135265
0,0,0.38672612800697925
0,0,0.38672612800697925
0,0,0.38672612800697925
0,0,0.34793577763835015
0,0,0.34793577763835015
0,0,0.34199403095924397
0,0,0.30872434134713433
0,0,0.30872434134713433
0,0,0.32369554594905026
0,0,0.3718622455367917
0,0,0.3718622455367917
0,0,0.339124537739189
0,0,0.22652465438884384
0,0,0.3621887565154828
0,0,0.3621887565154828
0,0,0.3621887565154828
0,0,0.3621887565154828
0,0,0.3621887565154828
0,0,0.3621887565154828
0,0,0.31620620976660624
0,0,0.2613383568847932
0,0,0.2299466303612909
0,0,0.2299466303612909
1,0,0.2299466303612909
1,0,0.2299466303612909
1,0,0.2299466303612909
0,0,0.2299466303612909
1,0,0.2299466303612909
0,0,0.2299466303612909
1,0,0.2299466303612909
0,0,0.2299466303612909
1,0,0.2299466303612909
0,0,0.2299466303612909
1,0,0.2299466303612909
0,0,0.22845466476210993
0,0,0.22845466476210993
1,0,0.3594296204010292
0,0,0.3594296204010292
0,0,0.3594296204010292
0,0,0.280832978767701
0,0,0.25100169277941936
0,0,0.25100169277941936
0,0,0.25100169277941936
0,0,0.25100169277941936
0,0,0.3119869507671964
1,0,0.29589565537344753
0,0,0.2746335596573466
0,0,0.2746335596573466
0,0,0.2746335596573466
0,0,0.2746335596573466
0,0,0.24381603370161917
1,0,0.24381603370161917
0,0,0.30553460738851634
0,0,0.4510172625695324
0,0,0.21276769573571935
0,0,0.21276769573571935
0,0,0.35259362910191805
0,0,0.33640817015557195
0,0,0.2802205574653933
0,0,0.3714117174380408
0,0,0.40653897962973073
0,0,0.3862281382056965
0,0,0.37744030930502803
0,0,0.284676224091134
0,0,0.26245353380297964
0,0,0.24619969431399785
0,0,0.2719953327227198
0,0,0.26569165461161215
0,0,0.4393941979084976
0,0,0.25852265653790646
0,0,0.30048537552033827
0,0,0.2723973323285409
0,0,0.32468582156964004
0,0,0.20322684293128682
0,0,0.36888121245408156
0,0,0.2627269866680687
0,0,0.2627269866680687
1,0,0.3506137926448776
0,0,0.37004107913340173
0,0,0.375912530249045
1,0,0.42662035520346664
1,0,0.42662035520346664
1,0,0.42662035520346664
0,0,0.21087110046777469
0,0,0.21087110046777469
0,0,0.21087110046777469
0,0,0.21087110046777469
0,0,0.21087110046777469
0,0,0.3695360265728841
0,0,0.3695360265728841
0,0,0.3695360265728841
0,0,0.3695360265728841
0,0,0.3695360265728841
0,0,0.3695360265728841
0,0,0.3695360265728841
0,0,0.3695360265728841
0,0,0.3695360265728841
0,0,0.2455268683363624
0,0,0.2455268683363624
0,0,0.3084355251700635
0,0,0.47882782743586944
0,0,0.47882782743586944
0,0,0.3493069989803128
0,0,0.3493069989803128
0,0,0.3493069989803128
0,0,0.3493069989803128
0,0,0.3493069989803128
0,0,0.2579257792172921
0,0,0.2630481671515176
0,0,0.2630481671515176
1,1,0.5225233219268735
1,1,0.5225233219268735
1,1,0.5225233219268735
0,0,0.2269201866426717
0,0,0.3050964134730878
0,0,0.3050964134730878
0,0,0.3050964134730878
0,0,0.3050964134730878
1,0,0.3050964134730878
0,0,0.3050964134730878
0,0,0.3050964134730878
1,0,0.3884888954312528
0,0,0.3884888954312528
0,0,0.3884888954312528
0,0,0.3884888954312528
0,0,0.4013736238445828
0,0,0.4013736238445828
0,0,0.4013736238445828
0,0,0.32642729376458873
0,0,0.32642729376458873
0,0,0.32642729376458873
0,0,0.32642729376458873
0,0,0.32642729376458873
0,0,0.38057778037058726
0,0,0.38057778037058726
0,0,0.38057778037058726
0,0,0.43747206091897317
0,0,0.4041874662893011
0,0,0.3288935264296796
0,0,0.3288935264296796
0,0,0.3288935264296796
0,0,0.3288935264296796
0,0,0.3376666284123139
0,0,0.3376666284123139
0,0,0.3376666284123139
0,0,0.3376666284123139
0,0,0.3376666284123139
0,0,0.3376666284123139
0,0,0.3376666284123139
0,0,0.3376666284123139
0,0,0.38842064297036977
0,0,0.38842064297036977
0,0,0.38842064297036977
0,0,0.38842064297036977
0,0,0.38842064297036977
0,0,0.23882718138293618
0,0,0.316079054121109
0,0,0.316079054121109
0,0,0.316079054121109
0,0,0.39504624671953326
0,0,0.39504624671953326
0,0,0.39504624671953326
0,0,0.39504624671953326
0,0,0.39504624671953326
0,0,0.27873808895903357
0,0,0.28816828587671933
0,0,0.2978850344952879
0,0,0.2978850344952879
0,0,0.2978850344952879
1,0,0.2978850344952879
0,0,0.2978850344952879
0,0,0.2978850344952879
0,0,0.2978850344952879
0,0,0.2978850344952879
0,0,0.2978850344952879
0,0,0.2978850344952879
0,0,0.2978850344952879
0,0,0.2607817736623218
0,0,0.3493024465858889
0,0,0.3493024465858889
0,0,0.3493024465858889
0,0,0.3493024465858889
0,0,0.3493024465858889
0,0,0.22745823980636273
0,0,0.22745823980636273
0,0,0.22745823980636273
0,0,0.22745823980636273
0,0,0.22745823980636273
0,0,0.22745823980636273
0,1,0.5019676545980041
1,1,0.5019676545980041
0,1,0.5019676545980041
0,0,0.3624713100537677
0,0,0.3624713100537677
0,0,0.3624713100537677
0,0,0.3624713100537677
0,0,0.3624713100537677
0,0,0.3624713100537677
0,0,0.3624713100537677
0,0,0.3624713100537677
0,0,0.3624713100537677
0,0,0.29653142845570823
0,0,0.39892033328012566
0,0,0.39892033328012566
0,0,0.39892033328012566
0,0,0.39892033328012566
0,0,0.39892033328012566
0,0,0.39892033328012566
0,0,0.39892033328012566
0,0,0.34229791061016984
0,0,0.34229791061016984
0,0,0.34229791061016984
0,0,0.41544827784956434
0,0,0.41544827784956434
0,0,0.41544827784956434
1,0,0.35286153119576286
0,0,0.35286153119576286
0,0,0.35286153119576286
0,0,0.35286153119576286
0,0,0.2565663962587832
0,0,0.2565663962587832
0,0,0.2565663962587832
1,0,0.3098268066378626
0,0,0.3098268066378626
0,0,0.2915685800194366
0,0,0.2915685800194366
0,0,0.2915685800194366
0,0,0.2915685800194366
0,0,0.2915685800194366
0,0,0.3386080856994048
0,0,0.2703211333092624
0,0,0.2703211333092624
0,0,0.34645279804329526
0,0,0.34645279804329526
0,0,0.34645279804329526
0,0,0.34645279804329526
0,0,0.34645279804329526
0,0,0.34645279804329526
0,0,0.34645279804329526
0,0,0.34645279804329526
0,0,0.34645279804329526
0,0,0.34249228726614284
0,0,0.34249228726614284
0,0,0.34249228726614284
0,0,0.34249228726614284
0,0,0.34249228726614284
0,0,0.34249228726614284
0,0,0.34249228726614284
0,0,0.4291831505579799
0,0,0.4291831505579799
0,0,0.4291831505579799
1,0,0.36054341002280443
1,0,0.36054341002280443
1,0,0.36054341002280443
0,0,0.21183409675344664
0,0,0.21183409675344664
0,0,0.21183409675344664
0,0,0.21183409675344664
0,0,0.21183409675344664
0,0,0.21183409675344664
0,0,0.21183409675344664
0,0,0.21183409675344664
0,0,0.21183409675344664
0,0,0.21183409675344664
0,0,0.21183409675344664
0,0,0.21183409675344664
0,0,0.21183409675344664
1,0,0.45155728973824283
0,0,0.45155728973824283
0,0,0.45155728973824283
0,0,0.45155728973824283
0,0,0.45155728973824283
0,0,0.45155728973824283
0,0,0.45155728973824283
0,0,0.45155728973824283
0,0,0.45155728973824283
0,0,0.33014030178572357
0,0,0.2907898270045514
0,0,0.2907898270045514
0,0,0.297114007445854
0,0,0.297114007445854
0,0,0.297114007445854
0,0,0.3792002963688072
0,0,0.2433716901774335
1,0,0.3354389287279151
1,0,0.3354389287279151
1,0,0.3354389287279151
0,0,0.2768454105833722
0,0,0.3131044200728858
0,0,0.3580187254842722
0,0,0.28182072052245255
0,0,0.3621553434236451
0,0,0.39653491036618205
0,0,0.25208919817544556
0,0,0.35164945520844576
0,0,0.3589916275481713
0,0,0.4903649417909854
0,0,0.3396819664861883
0,0,0.19433887206248152
0,0,0.3408036506825392
0,0,0.44139740952281864
0,0,0.4000102177513966
0,0,0.24115383400495205
0,0,0.3392986978893503
1,0,0.34398839736334635
1,0,0.3246920113444229
1,0,0.4822651252995866
0,0,0.4080007747061714
0,0,0.35744399030881796
0,0,0.2638725204422244
0,0,0.3059954184470152
0,0,0.3059954184470152
0,0,0.17030956514135986
0,0,0.2873875033201515
0,0,0.3541847899957588
0,0,0.3541847899957588
0,0,0.45628903521316616
0,0,0.24258506160387694
0,0,0.24490068623322436
0,0,0.24490068623322436
0,0,0.24490068623322436
0,0,0.24490068623322436
0,0,0.1509039311847966
0,0,0.1509039311847966
0,0,0.1509039311847966
0,0,0.1509039311847966
0,0,0.1509039311847966
0,0,0.1509039311847966
0,0,0.1509039311847966
1,0,0.1509039311847966
0,0,0.1509039311847966
0,0,0.1509039311847966
0,0,0.1509039311847966
0,0,0.1509039311847966
0,0,0.1509039311847966
0,0,0.1509039311847966
1,0,0.1509039311847966
0,0,0.1509039311847966
0,0,0.1509039311847966
0,0,0.3388498703893091
0,0,0.3388498703893091
0,0,0.3388498703893091
0,0,0.3081136240108379
0,0,0.3081136240108379
0,0,0.3081136240108379
0,0,0.3081136240108379
0,1,0.5531712234519671
0,1,0.5531712234519671
0,1,0.5531712234519671
0,1,0.5531712234519671
0,1,0.5531712234519671
0,1,0.5531712234519671
0,1,0.5531712234519671
0,1,0.5531712234519671
0,1,0.5531712234519671
0,1,0.5531712234519671
0,1,0.5531712234519671
0,1,0.5531712234519671
1,0,0.22274565094130142
1,0,0.22274565094130142
1,0,0.22274565094130142
1,0,0.22274565094130142
0,0,0.47673875820736766
0,0,0.3921564585802052
0,0,0.3921564585802052
1,0,0.3921564585802052
0,0,0.4003189330318528
0,0,0.4003189330318528
1,0,0.38858032057710395
0,0,0.38858032057710395
0,0,0.24997257488789665
0,0,0.24997257488789665
0,0,0.24997257488789665
0,0,0.24997257488789665
0,0,0.24997257488789665
0,0,0.24997257488789665
0,0,0.24997257488789665
0,0,0.24997257488789665
0,0,0.24997257488789665
0,0,0.3313151693273161
1,0,0.31810695107500275
0,0,0.31810695107500275
1,0,0.31810695107500275
0,0,0.31810695107500275
0,0,0.31810695107500275
0,0,0.47872811127010434
0,0,0.3464833505453364
1,0,0.3464833505453364
0,0,0.43336719129525514
0,0,0.43336719129525514
0,0,0.43336719129525514
0,0,0.43336719129525514
0,0,0.43336719129525514
0,0,0.43547869850237414
0,0,0.43547869850237414
0,0,0.43547869850237414
0,0,0.43547869850237414
0,0,0.4861094561643574
0,0,0.4861094561643574
0,0,0.4310345083583656
0,0,0.4310345083583656
0,0,0.35614513282889537
0,0,0.35614513282889537
0,0,0.35614513282889537
1,0,0.35614513282889537
0,0,0.35614513282889537
0,0,0.35614513282889537
0,0,0.35614513282889537
0,0,0.35614513282889537
0,0,0.35614513282889537
0,0,0.35614513282889537
0,0,0.35614513282889537
0,0,0.35614513282889537
0,0,0.35614513282889537
0,0,0.2534756106533042
0,0,0.2534756106533042
0,0,0.2534756106533042
0,0,0.2534756106533042
1,0,0.363523842161351
0,0,0.363523842161351
1,0,0.363523842161351
0,0,0.363523842161351
0,0,0.363523842161351
0,0,0.363523842161351
0,0,0.363523842161351
0,0,0.3728221059507565
0,0,0.371111389315177
0,0,0.371111389315177
0,0,0.371111389315177
1,0,0.371111389315177
0,0,0.371111389315177
0,0,0.371111389315177
0,0,0.371111389315177
0,0,0.371111389315177
0,0,0.371111389315177
0,1,0.5939909060300157
0,1,0.5939909060300157
0,1,0.5939909060300157
0,1,0.5939909060300157
0,0,0.24061169241755856
0,0,0.24061169241755856
0,0,0.24061169241755856
0,0,0.3774983864787557
0,0,0.3774983864787557
0,0,0.3774983864787557
0,0,0.3774983864787557
0,0,0.3774983864787557
0,0,0.3774983864787557
0,0,0.3077238915410214
1,0,0.3077238915410214
0,0,0.3077238915410214
0,0,0.3077238915410214
0,0,0.3077238915410214
0,0,0.3077238915410214
0,0,0.3077238915410214
0,0,0.2899889930245595
0,0,0.2899889930245595
0,0,0.2899889930245595
0,0,0.2455092904526903
0,0,0.2455092904526903
1,0,0.48016376377970166
0,0,0.48016376377970166
0,0,0.48016376377970166
0,0,0.48016376377970166
0,0,0.48016376377970166
0,0,0.48016376377970166
0,0,0.48016376377970166
0,0,0.48016376377970166
0,0,0.48016376377970166
0,0,0.48016376377970166
0,0,0.48016376377970166
0,0,0.48016376377970166
0,0,0.48016376377970166
0,0,0.3480512795217951
0,0,0.3480512795217951
0,0,0.3480512795217951
0,0,0.3480512795217951
0,0,0.3480512795217951
0,0,0.3480512795217951
1,0,0.3480512795217951
0,0,0.3480512795217951
0,0,0.18713346917099447
0,0,0.18713346917099447
0,0,0.18713346917099447
0,0,0.18713346917099447
1,0,0.18713346917099447
1,0,0.18713346917099447
0,0,0.3975349413183553
0,0,0.3975349413183553
0,0,0.3975349413183553
1,0,0.3975349413183553
1,0,0.3975349413183553
0,0,0.3975349413183553
0,0,0.4748622719361781
0,0,0.4748622719361781
1,0,0.4748622719361781
1,0,0.4748622719361781
0,0,0.4748622719361781
0,0,0.4748622719361781
1,0,0.4748622719361781
0,0,0.3761928480070783
0,0,0.3761928480070783
0,0,0.3761928480070783
0,0,0.3761928480070783
0,0,0.3761928480070783
0,0,0.3761928480070783
0,0,0.3761928480070783
0,0,0.2877120119748162
0,0,0.2877120119748162
0,0,0.2877120119748162
0,0,0.2877120119748162
0,0,0.2877120119748162
0,0,0.2877120119748162
0,0,0.2877120119748162
0,0,0.3404759148817659
0,0,0.3303477953185831
0,0,0.3303477953185831
0,0,0.3303477953185831
0,0,0.22236771988091303
0,0,0.22236771988091303
0,0,0.22236771988091303
0,0,0.2930124845396176
0,0,0.4246577157239674
0,0,0.4246577157239674
0,0,0.3490055223091757
0,0,0.3490055223091757
0,0,0.3490055223091757
0,0,0.3490055223091757
0,0,0.3490055223091757
0,0,0.3490055223091757
0,0,0.3490055223091757
0,1,0.6057628104606466
0,1,0.6057628104606466
0,1,0.6057628104606466
0,1,0.6057628104606466
0,1,0.6057628104606466
0,1,0.6057628104606466
0,1,0.6057628104606466
0,1,0.6057628104606466
0,1,0.6057628104606466
0,1,0.6057628104606466
0,0,0.18295188144545282
0,0,0.18295188144545282
0,0,0.18295188144545282
0,0,0.18295188144545282
0,1,0.5755117301090529
0,0,0.3597443516305105
0,0,0.3597443516305105
0,0,0.3778119945833175
0,0,0.3778119945833175
0,0,0.3778119945833175
0,0,0.3778119945833175
1,0,0.3248065877266585
1,0,0.3248065877266585
0,0,0.3248065877266585
0,0,0.4687019646144357
0,0,0.4687019646144357
0,0,0.4687019646144357
0,0,0.4687019646144357
0,0,0.4687019646144357
0,0,0.4687019646144357
0,0,0.4687019646144357
0,0,0.4687019646144357
0,0,0.47815815625876573
0,0,0.47815815625876573
0,0,0.47815815625876573
0,0,0.2142829542136683
0,0,0.2142829542136683
0,0,0.2142829542136683
0,0,0.2142829542136683
0,0,0.2142829542136683
0,0,0.27779211853106006
0,0,0.27779211853106006
0,0,0.27779211853106006
0,0,0.27779211853106006
0,0,0.27779211853106006
0,0,0.3400996719394655
0,0,0.3400996719394655
0,0,0.3400996719394655
0,0,0.23240359019406845
0,0,0.23240359019406845
0,0,0.23240359019406845
0,0,0.23240359019406845
0,0,0.23240359019406845
0,0,0.23240359019406845
0,0,0.2948285105088593
0,0,0.2948285105088593
0,0,0.2948285105088593
0,0,0.2385729552859283
0,0,0.2385729552859283
0,0,0.2385729552859283
0,0,0.2385729552859283
0,0,0.2385729552859283
0,0,0.3049232040092478
0,0,0.3049232040092478
0,0,0.3049232040092478
0,1,0.545478303501137
0,1,0.545478303501137
0,1,0.545478303501137
1,0,0.29376470806526966
0,0,0.29376470806526966
0,0,0.29376470806526966
0,0,0.29376470806526966
0,0,0.29376470806526966
0,0,0.3346355129191601
0,0,0.3346355129191601
0,0,0.3346355129191601
0,0,0.3346355129191601
0,0,0.3346355129191601
0,0,0.2574747614523171
0,0,0.2574747614523171
0,0,0.2574747614523171
0,0,0.2574747614523171
1,0,0.2574747614523171
1,0,0.2574747614523171
1,0,0.2574747614523171
1,0,0.3519985592132871
1,0,0.3519985592132871
0,0,0.3519985592132871
0,0,0.13572942871118276
0,0,0.13572942871118276
0,0,0.13572942871118276
0,0,0.13572942871118276
0,0,0.13572942871118276
0,0,0.13572942871118276
0,0,0.13572942871118276
0,0,0.2211974755463647
0,0,0.2211974755463647
0,0,0.338995220772038
0,0,0.338995220772038
1,0,0.3476199329635902
0,0,0.3476199329635902
0,0,0.3394341942430652
1,0,0.3394341942430652
0,0,0.3394341942430652
1,0,0.22285351216234126
1,0,0.4829379613081972
0,0,0.4829379613081972
1,0,0.4829379613081972
1,0,0.4829379613081972
1,0,0.4829379613081972
1,0,0.4829379613081972
0,0,0.4829379613081972
0,0,0.4829379613081972
0,0,0.30913467697632774
0,0,0.30913467697632774
0,0,0.40816670236675734
0,0,0.40816670236675734
0,0,0.40816670236675734
0,0,0.3065699434938513
0,0,0.3065699434938513
0,0,0.3065699434938513
0,0,0.3065699434938513
0,0,0.3065699434938513
0,0,0.3065699434938513
0,0,0.28575191294434077
0,0,0.28575191294434077
0,0,0.28575191294434077
0,0,0.1891066585622542
0,0,0.1891066585622542
0,0,0.1891066585622542
0,0,0.1891066585622542
0,0,0.1891066585622542
0,0,0.1891066585622542
0,0,0.24102421725895298
0,0,0.24102421725895298
0,0,0.24102421725895298
0,0,0.24102421725895298
0,0,0.24102421725895298
0,0,0.19569860995865326
0,0,0.3375922551817561
1,0,0.3375922551817561
0,0,0.3375922551817561
0,0,0.4219183366041532
0,0,0.4219183366041532
0,0,0.4219183366041532
0,0,0.3736229062642428
0,0,0.3736229062642428
0,0,0.3252340979699968
0,0,0.3252340979699968
0,0,0.3252340979699968
0,0,0.3252340979699968
0,0,0.3252340979699968
0,0,0.3252340979699968
0,0,0.3252340979699968
0,0,0.3341177701516878
0,0,0.3341177701516878
0,0,0.308918697361197
0,0,0.16372310265989223
0,0,0.16372310265989223
0,0,0.16372310265989223
0,0,0.16372310265989223
0,0,0.16372310265989223
0,0,0.3459855413510592
0,0,0.3459855413510592
0,0,0.3459855413510592
0,0,0.3459855413510592
0,0,0.3459855413510592
0,0,0.3555535354413715
0,0,0.3555535354413715
0,0,0.3555535354413715
0,0,0.3555535354413715
0,0,0.3555535354413715
0,0,0.3555535354413715
0,0,0.3555535354413715
0,0,0.3555535354413715
0,0,0.3555535354413715
0,0,0.3555535354413715
0,0,0.3555535354413715
1,0,0.29177443935336556
0,0,0.29177443935336556
1,0,0.29177443935336556
0,0,0.261666750951939
0,0,0.261666750951939
0,0,0.261666750951939
0,0,0.261666750951939
0,0,0.261666750951939
0,0,0.261666750951939
0,0,0.3501507425544337
0,0,0.3501507425544337
1,0,0.3501507425544337
0,0,0.3713915590734508
0,0,0.3713915590734508
0,0,0.3713915590734508
0,0,0.3713915590734508
0,0,0.3713915590734508
0,0,0.3713915590734508
0,0,0.2806929879314152
0,0,0.2806929879314152
0,0,0.2806929879314152
0,0,0.29157351677421195
1,0,0.29157351677421195
0,0,0.29157351677421195
0,0,0.29157351677421195
0,0,0.3263885269269414
0,0,0.3263885269269414
0,1,0.6203421183739696
0,0,0.3342955522890875
0,0,0.3342955522890875
0,0,0.3554798613789567
0,0,0.3575144652082334
1,1,0.5473260627649679
0,0,0.3876410159776221
0,0,0.3876410159776221
0,0,0.40259946662779456
0,0,0.40259946662779456
0,0,0.4177140424806764
0,0,0.3034883173173028
0,0,0.20658031990106354
0,0,0.2679750085737287
0,0,0.2679750085737287
0,0,0.2679750085737287
0,0,0.2679750085737287
0,0,0.32311051747252123
0,0,0.4092385202721403
0,0,0.4092385202721403
0,0,0.27220369646664205
0,0,0.3568028198285777
0,0,0.2600948075489642
0,0,0.27183362360638325
0,0,0.38238162293983907
1,0,0.3923403833565301
0,0,0.22783724694456015
1,0,0.27461446318862537
0,0,0.3549820559317754
0,0,0.3549820559317754
0,0,0.3549820559317754
0,0,0.3549820559317754
0,0,0.3549820559317754
0,0,0.3549820559317754
1,0,0.3549820559317754
0,0,0.3549820559317754
0,0,0.3549820559317754
1,0,0.3195554808068246
0,0,0.3195554808068246
0,0,0.2767468240832395
0,0,0.2767468240832395
0,0,0.2767468240832395
0,0,0.2767468240832395
0,0,0.2767468240832395
0,0,0.2523470124644743
0,0,0.2523470124644743
0,0,0.3496730626917168
0,0,0.3496730626917168
0,0,0.3314687339360991
0,0,0.3314687339360991
0,0,0.3314687339360991
0,0,0.3314687339360991
0,0,0.3314687339360991
0,0,0.25851538327022716
0,0,0.25851538327022716
0,0,0.25851538327022716
0,0,0.25851538327022716
0,0,0.20913386739276782
0,0,0.20913386739276782
0,0,0.20913386739276782
0,0,0.20913386739276782
0,0,0.20348868680187163
0,0,0.20348868680187163
0,0,0.20348868680187163
0,0,0.20348868680187163
0,0,0.20348868680187163
0,0,0.20348868680187163
0,0,0.20348868680187163
0,0,0.20348868680187163
0,0,0.20348868680187163
0,0,0.20348868680187163
0,0,0.20348868680187163
0,0,0.20348868680187163
0,0,0.20348868680187163
0,0,0.20348868680187163
0,0,0.20348868680187163
0,0,0.20348868680187163
0,0,0.20348868680187163
0,0,0.20348868680187163
0,0,0.21429616927257647
0,0,0.21429616927257647
0,0,0.21429616927257647
0,0,0.21429616927257647
0,0,0.21429616927257647
0,0,0.32424881201534417
0,0,0.32424881201534417
0,0,0.32424881201534417
0,0,0.32424881201534417
0,0,0.32424881201534417
0,0,0.32424881201534417
0,0,0.343044880372905
0,0,0.343044880372905
0,0,0.343044880372905
0,0,0.40998109982928616
0,0,0.40998109982928616
0,0,0.40998109982928616
0,0,0.40998109982928616
0,0,0.40998109982928616
0,0,0.40998109982928616
0,0,0.40998109982928616
0,0,0.40998109982928616
1,0,0.23007228850018877
1,0,0.23007228850018877
1,0,0.23007228850018877
1,0,0.23007228850018877
1,0,0.23007228850018877
0,0,0.23007228850018877
0,0,0.4217244037783979
0,0,0.4217244037783979
0,0,0.4217244037783979
0,0,0.48781919231475784
1,0,0.48781919231475784
0,0,0.48781919231475784
0,0,0.48781919231475784
0,0,0.48781919231475784
0,0,0.48781919231475784
0,0,0.48781919231475784
0,0,0.48781919231475784
0,0,0.48781919231475784
0,0,0.48781919231475784
0,0,0.48781919231475784
0,0,0.48781919231475784
0,0,0.48781919231475784
0,0,0.40578590177281376
0,0,0.4324429935143165
0,0,0.4324429935143165
0,0,0.4324429935143165
0,0,0.4324429935143165
0,0,0.4324429935143165
1,0,0.2853077419982985
1,0,0.2853077419982985
0,0,0.2853077419982985
1,0,0.2853077419982985
1,0,0.2853077419982985
1,0,0.2853077419982985
0,0,0.2853077419982985
0,0,0.2853077419982985
0,0,0.2853077419982985
0,0,0.32549297358409746
0,0,0.32549297358409746
0,0,0.32549297358409746
0,1,0.6534186241010654
0,1,0.6534186241010654
0,1,0.6534186241010654
0,1,0.6534186241010654
0,0,0.3179046759356394
0,0,0.3179046759356394
0,0,0.40820426373737734
0,0,0.40820426373737734
0,0,0.40820426373737734
0,0,0.40820426373737734
0,0,0.40820426373737734
0,0,0.40820426373737734
0,0,0.2798692591193652
0,0,0.2798692591193652
0,0,0.2798692591193652
0,0,0.2798692591193652
0,0,0.40883559967947136
0,1,0.5698657461378911
0,1,0.5698657461378911
0,1,0.5698657461378911
0,1,0.5698657461378911
0,1,0.5698657461378911
0,0,0.3610350283766891
1,0,0.3610350283766891
1,0,0.3610350283766891
0,0,0.4005937706200472
0,0,0.37294795546796033
0,0,0.3255578542136023
0,0,0.3255578542136023
0,0,0.3255578542136023
0,0,0.3255578542136023
0,0,0.3255578542136023
0,0,0.2491846583636
0,0,0.3124240791423986
0,0,0.3124240791423986
0,0,0.3124240791423986
0,0,0.3124240791423986
0,0,0.3124240791423986
0,0,0.3124240791423986
0,0,0.3124240791423986
0,0,0.31385681272713056
0,0,0.31385681272713056
0,0,0.31385681272713056
0,0,0.31385681272713056
0,0,0.31385681272713056
0,0,0.31385681272713056
0,0,0.36443009898668344
0,0,0.36443009898668344
0,0,0.36443009898668344
0,0,0.36443009898668344
0,0,0.36443009898668344
0,0,0.36443009898668344
0,0,0.36443009898668344
0,0,0.36443009898668344
0,0,0.36443009898668344
0,0,0.29229425531361874
0,0,0.29229425531361874
0,0,0.29229425531361874
0,0,0.29229425531361874
0,0,0.29229425531361874
0,0,0.29229425531361874
0,0,0.29229425531361874
0,0,0.29229425531361874
0,0,0.29229425531361874
0,0,0.29229425531361874
0,0,0.29229425531361874
0,0,0.29229425531361874
0,0,0.3473005885181993
0,0,0.3473005885181993
0,0,0.3473005885181993
0,0,0.21445212353922355
0,0,0.21445212353922355
0,0,0.33906112918574344
0,0,0.33906112918574344
0,0,0.33906112918574344
0,0,0.33906112918574344
1,0,0.48383628980637455
0,0,0.48383628980637455
0,0,0.48383628980637455
0,0,0.48383628980637455
1,0,0.3004181883210201
0,0,0.3004181883210201
1,0,0.3004181883210201
1,0,0.3004181883210201
0,0,0.3004181883210201
1,0,0.3004181883210201
1,0,0.3004181883210201
0,0,0.3004181883210201
1,0,0.3004181883210201
0,0,0.3004181883210201
1,0,0.3004181883210201
1,0,0.3004181883210201
1,0,0.3004181883210201
0,0,0.3004181883210201
0,0,0.3385968987902196
0,0,0.3385968987902196
1,0,0.21414455408111743
1,0,0.21414455408111743
1,0,0.21414455408111743
1,0,0.21414455408111743
1,0,0.21414455408111743
1,0,0.21414455408111743
0,0,0.45191048560391245
0,0,0.45191048560391245
0,0,0.45191048560391245
0,0,0.45191048560391245
0,0,0.45191048560391245
1,0,0.45191048560391245
1,0,0.45191048560391245
0,0,0.22379976781917502
0,0,0.22379976781917502
0,0,0.22379976781917502
0,0,0.22379976781917502
0,0,0.2561837138832983
0,0,0.2561837138832983
0,0,0.2561837138832983
1,1,0.5064023436272533
0,0,0.3693294251317254
1,0,0.3693294251317254
1,0,0.3693294251317254
0,0,0.3693294251317254
1,0,0.3693294251317254
1,0,0.3693294251317254
0,0,0.3693294251317254
1,0,0.3693294251317254
0,0,0.3693294251317254
0,0,0.3693294251317254
0,0,0.3693294251317254
0,0,0.26787329503799695
0,0,0.26787329503799695
1,0,0.23302013009266065
0,0,0.42815921153500325
0,0,0.42815921153500325
0,0,0.42815921153500325
0,0,0.42815921153500325
0,0,0.37836300588760396
0,0,0.37836300588760396
0,0,0.3054423300144309
0,0,0.3054423300144309
0,0,0.3054423300144309
0,0,0.3054423300144309
0,0,0.3054423300144309
0,0,0.3054423300144309
0,0,0.3054423300144309
0,0,0.4310630270244098
0,0,0.4310630270244098
0,0,0.29311353994086625
0,0,0.29311353994086625
0,0,0.29311353994086625
0,0,0.29311353994086625
0,0,0.29311353994086625
0,0,0.29311353994086625
1,1,0.5412411990957319
0,1,0.5412411990957319
1,1,0.5412411990957319
0,0,0.28474424887419747
0,0,0.28474424887419747
0,0,0.28474424887419747
0,0,0.28474424887419747
0,0,0.28474424887419747
0,0,0.28474424887419747
0,0,0.28474424887419747
0,0,0.3144248536100189
0,0,0.3144248536100189
0,0,0.3076144173848724
0,0,0.3076144173848724
0,0,0.28573203453539003
0,0,0.28573203453539003
0,0,0.28573203453539003
0,0,0.28573203453539003
0,0,0.28573203453539003
0,0,0.34914272992765794
0,0,0.34914272992765794
0,0,0.34914272992765794
0,0,0.34914272992765794
0,0,0.34914272992765794
0,0,0.34914272992765794
0,0,0.2559330465003822
0,0,0.2559330465003822
0,0,0.2559330465003822
0,0,0.2559330465003822
0,0,0.2559330465003822
0,0,0.35381313601272596
0,0,0.35381313601272596
0,0,0.35381313601272596
0,0,0.35381313601272596
0,0,0.35381313601272596
0,0,0.35381313601272596
0,0,0.35381313601272596
0,0,0.35381313601272596
0,0,0.35381313601272596
0,0,0.35381313601272596
0,0,0.35381313601272596
0,0,0.35381313601272596
0,0,0.3285857101731457
0,0,0.3285857101731457
0,0,0.30397650566012996
1,0,0.30397650566012996
0,0,0.2893301166136096
0,0,0.2893301166136096
0,0,0.2893301166136096
0,0,0.2893301166136096
0,0,0.2893301166136096
0,0,0.2893301166136096
0,0,0.3479227585822136
0,0,0.3479227585822136
0,0,0.3479227585822136
0,0,0.3479227585822136
1,0,0.30000777896551045
0,0,0.2812069424679264
0,0,0.37220213517785466
0,0,0.37220213517785466
0,0,0.37220213517785466
0,0,0.37220213517785466
0,0,0.37102438488646067
0,0,0.37102438488646067
0,0,0.37102438488646067
0,0,0.37102438488646067
0,0,0.37102438488646067
0,0,0.37102438488646067
0,0,0.34353521440748674
0,0,0.34353521440748674
0,0,0.34353521440748674
1,0,0.23232856350172132
0,0,0.23232856350172132
1,0,0.23232856350172132
0,0,0.23232856350172132
0,0,0.23232856350172132
0,0,0.23232856350172132
0,0,0.23232856350172132
1,0,0.23232856350172132
0,0,0.23232856350172132
0,0,0.23232856350172132
0,0,0.3019232189574926
1,0,0.3019232189574926
0,0,0.3019232189574926
0,0,0.3019232189574926
0,0,0.3019232189574926
1,0,0.27293900334390603
1,0,0.27293900334390603
1,0,0.27293900334390603
0,0,0.27293900334390603
1,0,0.27293900334390603
0,1,0.5399777060404499
0,0,0.40134288824000813
0,0,0.40134288824000813
0,0,0.40134288824000813
1,0,0.40134288824000813
0,0,0.35792858086617685
0,0,0.35792858086617685
0,0,0.35792858086617685
1,0,0.35792858086617685
1,0,0.2547693017437771
1,0,0.2547693017437771
0,0,0.34036482722601996
0,0,0.34036482722601996
0,0,0.34036482722601996
0,0,0.34036482722601996
0,0,0.3241936133264637
1,0,0.29257456351057565
0,0,0.29257456351057565
1,0,0.29257456351057565
0,0,0.29257456351057565
0,0,0.29257456351057565
0,0,0.29257456351057565
0,0,0.3848160490799028
0,0,0.3848160490799028
0,0,0.3848160490799028
0,0,0.24912304519934186
0,0,0.24912304519934186
0,0,0.24912304519934186
0,0,0.24912304519934186
0,0,0.24912304519934186
0,0,0.24912304519934186
1,0,0.2905366113768744
0,0,0.2905366113768744
1,1,0.5230764135034509
0,1,0.5230764135034509
1,1,0.5230764135034509
1,1,0.5230764135034509
0,0,0.21710947630156588
0,0,0.19641766545284575
0,0,0.19641766545284575
0,0,0.19641766545284575
1,0,0.19641766545284575
1,0,0.19641766545284575
0,0,0.19641766545284575
0,0,0.3620567987322401
0,0,0.3620567987322401
0,0,0.3620567987322401
0,0,0.3620567987322401
1,0,0.3620567987322401
0,0,0.3620567987322401
0,0,0.3620567987322401
0,0,0.46501131331065687
0,0,0.46501131331065687
0,0,0.46501131331065687
0,0,0.46501131331065687
0,0,0.46501131331065687
0,0,0.31327610275942375
0,0,0.31327610275942375
0,0,0.31327610275942375
0,0,0.31327610275942375
0,0,0.31327610275942375
0,0,0.31327610275942375
1,0,0.31327610275942375
0,0,0.31327610275942375
0,0,0.301268072969353
1,0,0.301268072969353
0,0,0.301268072969353
0,0,0.301268072969353
1,0,0.301268072969353
1,0,0.301268072969353
0,0,0.2909971812470735
0,0,0.2909971812470735
0,0,0.2909971812470735
0,0,0.2909971812470735
0,0,0.2909971812470735
0,0,0.2909971812470735
0,0,0.22868315508091241
1,0,0.22868315508091241
0,0,0.39200642766071847
0,0,0.41528068682663005
0,0,0.41528068682663005
0,0,0.41528068682663005
0,0,0.41528068682663005
0,0,0.34606260146382334
0,0,0.3382300661203198
1,0,0.2510180288258461
1,0,0.2510180288258461
0,0,0.3594472307351462
0,0,0.3594472307351462
0,0,0.3594472307351462
0,0,0.3594472307351462
0,0,0.3594472307351462
0,0,0.3594472307351462
0,0,0.3594472307351462
1,0,0.3594472307351462
0,0,0.3594472307351462
0,0,0.3594472307351462
0,1,0.5165696112195173
0,1,0.5165696112195173
0,1,0.5165696112195173
0,1,0.5165696112195173
0,0,0.36311439990235383
0,0,0.36311439990235383
0,0,0.36311439990235383
0,0,0.36311439990235383
0,0,0.36311439990235383
0,0,0.36311439990235383
0,0,0.36311439990235383
0,0,0.36311439990235383
0,0,0.3757174393008874
0,0,0.3757174393008874
0,0,0.27619574623537246
1,0,0.28156217992653665
0,0,0.2957635161986933
0,0,0.2957635161986933
0,0,0.2957635161986933
0,0,0.24796300967850587
0,0,0.24796300967850587
0,0,0.4360522448729665
1,0,0.4360522448729665
1,0,0.4360522448729665
0,0,0.29008881996553143
0,0,0.29008881996553143
0,0,0.29008881996553143
0,0,0.29008881996553143
0,0,0.29008881996553143
0,0,0.29008881996553143
0,0,0.29008881996553143
0,0,0.29008881996553143
0,0,0.29008881996553143
0,0,0.29008881996553143
0,0,0.29008881996553143
0,1,0.5210812659194022
0,1,0.5210812659194022
0,1,0.5210812659194022
0,0,0.32751638663256194
0,0,0.32751638663256194
0,0,0.3566392048436971
0,0,0.3566392048436971
0,0,0.3566392048436971
0,0,0.3566392048436971
1,0,0.3062830492031097
0,0,0.35306458760549525
0,0,0.28679545702625014
0,0,0.28679545702625014
0,0,0.3267249163060357
0,0,0.314367979755147
1,0,0.314367979755147
1,0,0.314367979755147
1,0,0.314367979755147
1,0,0.314367979755147
0,0,0.314367979755147
0,0,0.3372030134890311
0,0,0.3372030134890311
0,0,0.2561664619859788
0,0,0.2561664619859788
0,0,0.2561664619859788
0,0,0.2561664619859788
0,0,0.40053398792966854
0,0,0.40053398792966854
0,0,0.40053398792966854
0,0,0.40053398792966854
1,0,0.40053398792966854
1,0,0.40053398792966854
0,0,0.40053398792966854
0,0,0.40053398792966854
0,0,0.40053398792966854
0,0,0.40053398792966854
1,0,0.40053398792966854
0,0,0.3358485569072874
0,0,0.3358485569072874
0,0,0.3358485569072874
0,0,0.3358485569072874
0,0,0.3358485569072874
0,0,0.3358485569072874
0,0,0.3358485569072874
0,0,0.23554630433749288
0,0,0.2619252434317892
1,0,0.2619252434317892
0,0,0.2619252434317892
0,0,0.2619252434317892
0,0,0.2619252434317892
0,0,0.2619252434317892
1,0,0.2619252434317892
0,0,0.2619252434317892
0,0,0.2619252434317892
0,0,0.2619252434317892
0,0,0.2619252434317892
0,0,0.2619252434317892
0,0,0.2619252434317892
0,0,0.2619252434317892
0,0,0.2619252434317892
0,0,0.2619252434317892
0,0,0.31242842091835304
0,0,0.31242842091835304
0,0,0.31242842091835304
0,0,0.31242842091835304
0,0,0.31242842091835304
0,0,0.31242842091835304
0,0,0.31242842091835304
0,0,0.18147694422869518
0,0,0.18147694422869518
0,0,0.18147694422869518
0,0,0.18147694422869518
0,0,0.18147694422869518
0,0,0.18147694422869518
0,0,0.18147694422869518
0,0,0.18147694422869518
0,0,0.3421067023558856
0,0,0.3421067023558856
0,0,0.3421067023558856
0,0,0.38598536134851713
0,0,0.38598536134851713
1,0,0.38598536134851713
0,0,0.38598536134851713
0,0,0.38598536134851713
1,0,0.38598536134851713
0,0,0.38598536134851713
1,0,0.3343328030100415
0,0,0.292076573344997
0,0,0.292076573344997
0,0,0.34130483781373255
0,0,0.34130483781373255
0,0,0.34130483781373255
0,0,0.34130483781373255
0,0,0.34130483781373255
0,0,0.34130483781373255
0,0,0.34130483781373255
0,0,0.34130483781373255
0,0,0.34130483781373255
0,0,0.32358912216164293
0,0,0.32358912216164293
0,0,0.32358912216164293
0,0,0.32358912216164293
0,0,0.32358912216164293
0,0,0.32358912216164293
0,0,0.32358912216164293
0,0,0.32358912216164293
0,0,0.26597232441465596
0,0,0.24479617911183765
0,0,0.450104538732801
0,0,0.450104538732801
0,0,0.450104538732801
0,0,0.450104538732801
0,0,0.450104538732801
0,0,0.450104538732801
0,0,0.450104538732801
0,0,0.450104538732801
0,0,0.450104538732801
0,0,0.318328304577689
0,0,0.318328304577689
0,0,0.318328304577689
0,0,0.25905134749505426
0,0,0.25905134749505426
0,0,0.19284180038012522
0,0,0.19284180038012522
0,0,0.19284180038012522
0,0,0.256497743742554
1,0,0.27638915648550016
1,0,0.27638915648550016
1,0,0.27638915648550016
1,0,0.27638915648550016
0,0,0.24880349041873168
0,0,0.24880349041873168
0,0,0.24880349041873168
0,0,0.24880349041873168
0,0,0.24880349041873168
0,0,0.24880349041873168
0,0,0.24880349041873168
0,0,0.45467250339512705
0,0,0.45467250339512705
0,0,0.45467250339512705
0,0,0.45467250339512705
0,0,0.45467250339512705
0,0,0.3718683915579461
0,0,0.3718683915579461
0,0,0.3718683915579461
0,0,0.3718683915579461
0,0,0.3774992570889922
0,0,0.3774992570889922
0,0,0.3774992570889922
0,0,0.3774992570889922
0,0,0.3774992570889922
0,0,0.3774992570889922
0,0,0.296620442886961
0,0,0.296620442886961
1,0,0.282431529932179
1,0,0.282431529932179
1,0,0.282431529932179
1,0,0.282431529932179
1,0,0.282431529932179
1,0,0.282431529932179
1,0,0.282431529932179
1,0,0.282431529932179
1,0,0.282431529932179
0,0,0.3314504469814553
0,0,0.3314504469814553
0,0,0.3314504469814553
0,0,0.34736415531379194
0,0,0.34736415531379194
0,0,0.34736415531379194
0,0,0.34736415531379194
0,0,0.34736415531379194
0,0,0.34736415531379194
0,0,0.35102486087487905
0,0,0.24421910658625912
0,0,0.24421910658625912
0,0,0.24421910658625912
0,0,0.24421910658625912
0,0,0.24421910658625912
0,0,0.24421910658625912
0,0,0.38971282599958307
0,0,0.38971282599958307
0,0,0.38971282599958307
0,0,0.38971282599958307
0,0,0.4046037772227362
0,0,0.4046037772227362
0,0,0.4046037772227362
1,0,0.4046037772227362
0,0,0.3108216570598131
0,0,0.3108216570598131
0,0,0.3108216570598131
0,0,0.3108216570598131
0,0,0.3108216570598131
0,0,0.3108216570598131
0,0,0.3108216570598131
0,0,0.3108216570598131
0,0,0.33564667367765166
0,0,0.33564667367765166
0,0,0.33564667367765166
0,0,0.33564667367765166
0,1,0.6147428412357346
0,1,0.6147428412357346
0,1,0.6147428412357346
0,1,0.6147428412357346
0,1,0.6147428412357346
0,1,0.6147428412357346
0,1,0.6147428412357346
0,1,0.6147428412357346
0,1,0.6147428412357346
0,0,0.43327751406669274
0,0,0.43327751406669274
0,0,0.43327751406669274
0,0,0.43327751406669274
0,0,0.23710508735873087
0,0,0.2796858932351137
0,0,0.2796858932351137
0,0,0.2796858932351137
0,0,0.2796858932351137
0,0,0.2796858932351137
0,0,0.2796858932351137
0,0,0.2796858932351137
0,0,0.2796858932351137
0,0,0.2796858932351137
0,0,0.2796858932351137
0,0,0.3122068039971683
0,0,0.3299544643037109
0,0,0.3299544643037109
0,0,0.3299544643037109
0,0,0.18419010788158544
0,0,0.18419010788158544
0,0,0.18419010788158544
1,0,0.3511843752951625
1,0,0.3511843752951625
1,0,0.3511843752951625
0,0,0.3511843752951625
0,0,0.44876557151700197
0,0,0.44876557151700197
0,0,0.44876557151700197
0,0,0.44876557151700197
0,0,0.4290262685143981
0,0,0.4290262685143981
1,0,0.34927579435108386
0,0,0.34927579435108386
0,0,0.1306938616104301
0,0,0.14755205316984538
0,0,0.14755205316984538
0,0,0.14755205316984538
0,0,0.14755205316984538
0,0,0.14755205316984538
0,0,0.14755205316984538
0,0,0.389931365301863
0,0,0.389931365301863
0,0,0.389931365301863
0,0,0.2245710667402774
0,0,0.29407755633449023
0,0,0.29407755633449023
0,0,0.3591554119417582
0,0,0.38950347946906183
0,0,0.38950347946906183
0,0,0.38950347946906183
0,0,0.38950347946906183
0,0,0.38950347946906183
0,0,0.38950347946906183
0,0,0.38950347946906183
0,0,0.21954616894472817
0,0,0.21954616894472817
0,0,0.21954616894472817
0,0,0.21954616894472817
0,0,0.21954616894472817
0,0,0.21954616894472817
0,0,0.282767408744625
0,0,0.2193852197996683
0,0,0.24568731217431472
0,0,0.24568731217431472
0,0,0.24568731217431472
0,0,0.24568731217431472
0,0,0.18309047352921748
0,0,0.18309047352921748
0,0,0.3859563135102048
0,0,0.3859563135102048
0,0,0.36829744180058127
0,0,0.36829744180058127
0,0,0.36829744180058127
0,0,0.36829744180058127
0,0,0.36829744180058127
0,0,0.36829744180058127
0,0,0.36829744180058127
0,0,0.2271434004262761
0,0,0.2271434004262761
0,0,0.23088490038251713
0,0,0.23088490038251713
0,0,0.23088490038251713
0,0,0.18276756766284913
0,0,0.18276756766284913
0,0,0.18276756766284913
0,0,0.18276756766284913
0,0,0.24884695271505688
0,0,0.24884695271505688
0,0,0.24884695271505688
0,0,0.24884695271505688
0,0,0.24884695271505688
0,0,0.24884695271505688
0,0,0.24884695271505688
0,0,0.303233898562965
0,0,0.303233898562965
0,0,0.34526761529711075
0,0,0.21386874177840892
0,0,0.21386874177840892
0,0,0.21386874177840892
0,0,0.3417223260047338
0,0,0.3417223260047338
0,0,0.3417223260047338
0,0,0.3417223260047338
0,0,0.3417223260047338
0,0,0.2517213319809449
0,1,0.5006216267505564
0,1,0.5006216267505564
0,1,0.5006216267505564
0,1,0.5006216267505564
0,0,0.28821581032125426
0,0,0.28821581032125426
0,0,0.28821581032125426
0,0,0.28821581032125426
0,0,0.24511702007591904
0,0,0.24511702007591904
0,0,0.24511702007591904
0,0,0.24511702007591904
0,0,0.24511702007591904
0,0,0.24511702007591904
0,0,0.24511702007591904
1,0,0.35935535581579126
0,0,0.35935535581579126
1,0,0.35935535581579126
1,0,0.309208165357088
1,0,0.309208165357088
1,0,0.309208165357088
0,0,0.309208165357088
1,0,0.309208165357088
0,0,0.33674666637037887
1,0,0.33674666637037887
0,0,0.33674666637037887
0,0,0.33674666637037887
1,0,0.33674666637037887
0,0,0.33674666637037887
0,0,0.31127274790268983
0,0,0.31127274790268983
0,0,0.31127274790268983
0,0,0.31127274790268983
0,0,0.31127274790268983
0,0,0.31127274790268983
0,0,0.31127274790268983
1,0,0.36394072246796916
0,0,0.36394072246796916
1,0,0.36394072246796916
0,0,0.36394072246796916
0,0,0.36394072246796916
0,0,0.36394072246796916
0,0,0.36394072246796916
0,0,0.29098417338336946
0,0,0.29098417338336946
0,0,0.29098417338336946
0,0,0.29098417338336946
0,0,0.29098417338336946
0,0,0.29098417338336946
0,0,0.29098417338336946
0,0,0.39672086646855825
0,0,0.36342453840656685
0,0,0.36342453840656685
0,0,0.36342453840656685
0,0,0.36342453840656685
0,0,0.36342453840656685
0,0,0.36342453840656685
0,0,0.36342453840656685
0,0,0.36342453840656685
0,0,0.32696219513452873
0,0,0.32696219513452873
0,0,0.32696219513452873
0,0,0.32696219513452873
0,0,0.32696219513452873
0,0,0.32696219513452873
0,0,0.32696219513452873
0,0,0.32696219513452873
0,0,0.260369771357789
0,0,0.260369771357789
0,0,0.260369771357789
0,0,0.260369771357789
0,0,0.260369771357789
0,0,0.260369771357789
0,0,0.260369771357789
0,0,0.260369771357789
1,0,0.3351754050374885
0,0,0.3351754050374885
0,0,0.3351754050374885
0,0,0.3896603398996495
0,0,0.3896603398996495
0,0,0.3896603398996495
0,0,0.24316458475305314
0,0,0.24316458475305314
0,0,0.24316458475305314
0,0,0.24316458475305314
0,0,0.24316458475305314
0,0,0.24316458475305314
0,0,0.24316458475305314
0,0,0.24316458475305314
0,0,0.24316458475305314
0,0,0.24316458475305314
0,0,0.24316458475305314
0,0,0.24316458475305314
0,0,0.24316458475305314
0,0,0.24316458475305314
1,0,0.3065361102039208
0,0,0.30985860788196024
0,0,0.30471516892784434
0,0,0.30471516892784434
0,0,0.2853046286216745
0,0,0.2853046286216745
0,0,0.33246349134330166
0,0,0.33246349134330166
0,0,0.33246349134330166
0,0,0.24441404971967176
0,0,0.2638087643690077
0,0,0.2638087643690077
0,0,0.2638087643690077
0,0,0.3473208161919954
0,0,0.3473208161919954
0,0,0.3473208161919954
0,0,0.3473208161919954
0,0,0.3473208161919954
0,0,0.3473208161919954
0,0,0.3473208161919954
0,0,0.30635835695237035
0,0,0.30635835695237035
0,0,0.3220181354763881
0,0,0.3220181354763881
0,0,0.3220181354763881
0,0,0.3220181354763881
0,0,0.33042208327743766
0,0,0.33042208327743766
0,0,0.33042208327743766
0,0,0.33042208327743766
0,0,0.33042208327743766
0,0,0.33042208327743766
0,0,0.33042208327743766
0,0,0.33042208327743766
0,0,0.33042208327743766
0,0,0.33042208327743766
0,0,0.3314731871866068
0,0,0.3314731871866068
0,0,0.3314731871866068
0,0,0.3314731871866068
0,0,0.3314731871866068
0,0,0.3314731871866068
0,0,0.3649083653319163
0,0,0.3649083653319163
0,0,0.40734127495102207
0,0,0.19215644143934343
0,0,0.19215644143934343
0,0,0.19215644143934343
1,0,0.3795607001263352
0,0,0.3070270526704524
0,0,0.3070270526704524
0,0,0.3070270526704524
0,1,0.5069429805536013
0,1,0.5069429805536013
0,1,0.5069429805536013
0,0,0.2786618498071267
1,0,0.2786618498071267
0,0,0.2786618498071267
1,0,0.2786618498071267
0,0,0.2786618498071267
0,0,0.4324127096961174
0,0,0.4324127096961174
1,0,0.436175026510099
1,0,0.436175026510099
0,0,0.2892301706221521
0,0,0.2892301706221521
0,0,0.272266509685387
0,0,0.272266509685387
0,0,0.32985516267115805
0,0,0.33811571507787014
0,0,0.33811571507787014
0,0,0.33811571507787014
0,0,0.33811571507787014
0,0,0.33811571507787014
0,0,0.33811571507787014
0,0,0.3946234130285226
0,0,0.3946234130285226
0,0,0.3946234130285226
0,0,0.287975320154273
0,0,0.287975320154273
0,0,0.2626186052866579
0,0,0.2626186052866579
0,0,0.2626186052866579
0,0,0.2626186052866579
1,0,0.2626186052866579
0,0,0.4277955460589681
0,0,0.4277955460589681
0,0,0.4277955460589681
0,0,0.4277955460589681
0,0,0.33540376630336405
0,0,0.33540376630336405
0,0,0.33540376630336405
0,0,0.33540376630336405
0,0,0.33540376630336405
0,0,0.33540376630336405
0,0,0.33540376630336405
0,0,0.33540376630336405
0,0,0.33540376630336405
0,0,0.33540376630336405
0,0,0.28914857905244046
0,0,0.2235486394918169
0,0,0.23631610062802166
0,0,0.23631610062802166
0,0,0.23631610062802166
1,0,0.23631610062802166
0,0,0.23631610062802166
0,0,0.23631610062802166
0,0,0.23631610062802166
0,0,0.23631610062802166
1,0,0.23631610062802166
0,0,0.23631610062802166
0,0,0.23631610062802166
0,0,0.23631610062802166
0,0,0.2041706394187041
1,0,0.3845797323342458
1,0,0.3845797323342458
0,1,0.5432185965926003
0,1,0.5432185965926003
0,1,0.5432185965926003
0,0,0.21814547694107161
1,0,0.21814547694107161
0,0,0.21814547694107161
0,0,0.21814547694107161
1,0,0.21814547694107161
0,0,0.21814547694107161
0,0,0.4009480719980105
0,0,0.4009480719980105
1,0,0.24360523752511565
0,0,0.26171095820111395
0,0,0.26171095820111395
0,0,0.26171095820111395
0,0,0.26171095820111395
0,0,0.3341065934229531
0,0,0.31544769115615284
0,0,0.31544769115615284
0,0,0.30848748018997435
0,0,0.30848748018997435
0,0,0.30848748018997435
0,0,0.37854977426968067
0,0,0.37854977426968067
0,0,0.27902605767800315
0,0,0.27902605767800315
0,0,0.27902605767800315
0,0,0.27902605767800315
1,0,0.36836774410782397
1,0,0.36836774410782397
0,0,0.23862850326644827
0,0,0.23862850326644827
0,0,0.23862850326644827
0,0,0.23862850326644827
0,0,0.23862850326644827
0,0,0.1998516623435154
0,0,0.1998516623435154
0,0,0.1998516623435154
0,0,0.1998516623435154
0,0,0.1998516623435154
0,0,0.1998516623435154
0,0,0.3817197765324154
0,0,0.3817197765324154
0,0,0.3817197765324154
0,0,0.4472819549850305
0,0,0.3984871230808713
0,0,0.3984871230808713
0,0,0.3984871230808713
0,0,0.3984871230808713
1,0,0.3984871230808713
0,0,0.32054484473487826
0,0,0.32054484473487826
0,0,0.32054484473487826
1,0,0.29326657178887783
0,0,0.29326657178887783
0,0,0.2784849453238085
0,0,0.2784849453238085
0,0,0.2784849453238085
0,0,0.2784849453238085
0,0,0.2784849453238085
0,1,0.5092944889083948
0,1,0.5092944889083948
0,1,0.5092944889083948
1,0,0.3593876744263493
1,0,0.3593876744263493
0,0,0.40765880124103787
0,0,0.40765880124103787
0,0,0.40765880124103787
0,0,0.40765880124103787
0,0,0.40765880124103787
0,0,0.40765880124103787
0,0,0.282448967582578
0,0,0.282448967582578
1,0,0.282448967582578
0,0,0.282448967582578
0,0,0.282448967582578
0,0,0.24610849573348845
0,0,0.24610849573348845
0,0,0.24610849573348845
0,0,0.24610849573348845
0,0,0.24610849573348845
0,0,0.24610849573348845
0,0,0.24610849573348845
0,0,0.24610849573348845
0,0,0.24610849573348845
0,0,0.24610849573348845
0,0,0.24610849573348845
0,0,0.24610849573348845
0,1,0.5716537532955064
0,1,0.5716537532955064
0,1,0.5716537532955064
0,1,0.5716537532955064
0,1,0.5716537532955064
0,0,0.4074444974789772
0,0,0.4074444974789772
0,0,0.4074444974789772
0,0,0.4074444974789772
0,0,0.4074444974789772
0,0,0.4074444974789772
0,0,0.26859643563911495
0,0,0.30620204000008067
0,0,0.30620204000008067
1,0,0.30620204000008067
0,0,0.30620204000008067
0,0,0.30620204000008067
0,0,0.30620204000008067
0,0,0.43654524780955917
0,0,0.43654524780955917
0,0,0.43654524780955917
0,0,0.43654524780955917
0,0,0.43654524780955917
0,0,0.43654524780955917
0,0,0.43654524780955917
0,0,0.3922867621657082
0,0,0.3635393931532345
0,0,0.3635393931532345
0,0,0.3635393931532345
0,0,0.3635393931532345
0,0,0.3635393931532345
0,0,0.3635393931532345
0,0,0.3635393931532345
0,0,0.31245919145239465
0,0,0.31245919145239465
0,0,0.37991833087347293
0,0,0.37991833087347293
0,0,0.37991833087347293
0,0,0.2244862342401576
0,0,0.2244862342401576
0,0,0.2244862342401576
0,0,0.2244862342401576
0,0,0.2244862342401576
1,0,0.39520533811960207
0,0,0.39520533811960207
1,0,0.39520533811960207
0,0,0.39520533811960207
0,0,0.39520533811960207
1,0,0.39520533811960207
0,0,0.279916297705805
0,0,0.279916297705805
0,0,0.279916297705805
0,0,0.279916297705805
0,0,0.279916297705805
0,0,0.279916297705805
1,0,0.279916297705805
0,0,0.20987865852132906
0,0,0.20987865852132906
0,0,0.20987865852132906
0,0,0.20987865852132906
0,0,0.20987865852132906
0,0,0.20987865852132906
0,0,0.20987865852132906
0,0,0.20987865852132906
0,0,0.20987865852132906
1,0,0.22720778729820112
0,0,0.32932413165309493
0,0,0.32932413165309493
0,0,0.32932413165309493
0,0,0.32932413165309493
0,0,0.32932413165309493
0,0,0.32932413165309493
0,0,0.32932413165309493
0,0,0.2998149942941479
1,0,0.2998149942941479
0,0,0.2998149942941479
0,0,0.2998149942941479
1,0,0.2998149942941479
0,0,0.2998149942941479
0,0,0.2998149942941479
0,0,0.2998149942941479
0,0,0.21842384214458785
0,0,0.21842384214458785
0,0,0.21842384214458785
0,0,0.21842384214458785
0,0,0.21842384214458785
0,0,0.21842384214458785
0,0,0.21842384214458785
0,0,0.21842384214458785
0,0,0.21842384214458785
0,0,0.21842384214458785
0,0,0.21842384214458785
0,0,0.2289742048639607
0,0,0.2289742048639607
0,0,0.2289742048639607
0,0,0.49602624388013256
0,0,0.49602624388013256
0,0,0.49602624388013256
0,0,0.49602624388013256
0,0,0.49602624388013256
0,0,0.49602624388013256
0,0,0.49602624388013256
0,0,0.3300999783430653
0,0,0.3300999783430653
0,0,0.3300999783430653
0,0,0.1704117173740389
1,0,0.34043265624156555
0,0,0.34043265624156555
1,0,0.34043265624156555
1,0,0.34043265624156555
0,0,0.287942115977056
0,0,0.44179325333074443
0,0,0.44179325333074443
0,0,0.3660643860244918
1,0,0.3734682819820193
0,0,0.21484250157744317
0,0,0.21484250157744317
0,0,0.30537888277023145
0,0,0.318191674336607
0,0,0.318191674336607
0,0,0.318191674336607
0,0,0.318191674336607
1,0,0.318191674336607
0,0,0.318191674336607
0,0,0.318191674336607
0,0,0.318191674336607
0,0,0.318191674336607
0,0,0.44078148819547314
0,0,0.44078148819547314
0,1,0.547791679881592
0,1,0.547791679881592
0,1,0.547791679881592
0,1,0.547791679881592
0,1,0.547791679881592
0,1,0.547791679881592
0,1,0.547791679881592
0,1,0.547791679881592
0,1,0.547791679881592
1,0,0.3764729151656992
0,0,0.3764729151656992
1,0,0.3764729151656992
1,0,0.3764729151656992
0,0,0.3728985240956348
0,0,0.3728985240956348
0,0,0.3728985240956348
0,0,0.40041789496741587
1,0,0.40041789496741587
0,0,0.40041789496741587
0,0,0.40041789496741587
0,0,0.40041789496741587
0,0,0.40041789496741587
0,0,0.31930255278165987
0,0,0.31930255278165987
0,0,0.31930255278165987
0,0,0.31930255278165987
0,0,0.31930255278165987
0,0,0.31930255278165987
0,0,0.31930255278165987
0,0,0.31930255278165987
0,0,0.22213464116233625
0,0,0.22213464116233625
1,0,0.22213464116233625
0,0,0.22213464116233625
0,0,0.22213464116233625
0,0,0.22213464116233625
0,0,0.22213464116233625
0,0,0.22213464116233625
0,0,0.3426810486757643
0,0,0.281101895770258
0,0,0.281101895770258
0,0,0.281101895770258
0,0,0.281101895770258
0,0,0.281101895770258
0,0,0.37403028480149986
0,0,0.2057649365491151
0,0,0.2057649365491151
1,0,0.2057649365491151
0,0,0.2057649365491151
0,0,0.2057649365491151
0,0,0.34331121497236083
0,0,0.34331121497236083
1,0,0.34331121497236083
0,0,0.3044129917214736
0,0,0.3044129917214736
0,0,0.2187619713100171
1,0,0.4331076946352349
0,0,0.3832327320820611
0,0,0.3832327320820611
0,0,0.3832327320820611
0,0,0.3832327320820611
0,0,0.3832327320820611
0,0,0.3832327320820611
0,0,0.48621541695350357
0,0,0.48621541695350357
0,0,0.48621541695350357
0,0,0.35577738817574156
0,0,0.35577738817574156
0,0,0.3625334707786412
0,0,0.3625334707786412
0,0,0.3625334707786412
0,0,0.3625334707786412
0,0,0.3625334707786412
0,0,0.3625334707786412
0,0,0.26102527881233756
0,0,0.26102527881233756
0,0,0.26102527881233756
0,0,0.26102527881233756
0,0,0.26102527881233756
0,0,0.26102527881233756
0,0,0.3023153182137983
0,0,0.3023153182137983
0,0,0.3023153182137983
0,0,0.3023153182137983
0,0,0.2859641679765809
0,0,0.2859641679765809
0,0,0.2859641679765809
0,0,0.334618765900551
0,0,0.334618765900551
0,0,0.334618765900551
0,0,0.334618765900551
0,0,0.334618765900551
0,0,0.3013235766811271
0,0,0.3013235766811271
0,0,0.41671976060614485
0,0,0.41671976060614485
0,0,0.41671976060614485
0,0,0.41671976060614485
0,0,0.41671976060614485
0,0,0.41671976060614485
0,0,0.41671976060614485
0,0,0.41671976060614485
0,0,0.363508446474597
0,0,0.363508446474597
0,0,0.46238738049676725
0,0,0.4705369825716265
0,0,0.4705369825716265
0,0,0.3929929879555285
0,0,0.3929929879555285
0,0,0.3929929879555285
0,0,0.4649351369406471
1,0,0.4649351369406471
0,0,0.39909053851489196
0,0,0.2687834988255728
0,0,0.2687834988255728
0,0,0.2687834988255728
0,0,0.2687834988255728
0,0,0.45635485611128374
0,0,0.45635485611128374
0,0,0.45635485611128374
0,0,0.45635485611128374
0,0,0.45635485611128374
0,0,0.45635485611128374
0,0,0.45635485611128374
0,0,0.45635485611128374
0,0,0.411995379479488
0,0,0.289560789855404
0,0,0.289560789855404
0,0,0.289560789855404
0,0,0.289560789855404
0,0,0.289560789855404
0,0,0.289560789855404
0,0,0.289560789855404
0,0,0.289560789855404
0,0,0.289560789855404
0,0,0.289560789855404
0,0,0.289560789855404
0,0,0.289560789855404
0,0,0.289560789855404
0,0,0.289560789855404
0,0,0.289560789855404
0,0,0.289560789855404
0,0,0.289560789855404
0,0,0.20426711263426686
0,0,0.20426711263426686
0,0,0.20426711263426686
0,0,0.23888508312574502
0,0,0.33076841954776737
0,0,0.33076841954776737
0,0,0.33076841954776737
0,0,0.33076841954776737
0,0,0.33076841954776737
0,0,0.33076841954776737
0,0,0.33076841954776737
0,0,0.33076841954776737
0,0,0.33076841954776737
0,0,0.33076841954776737
0,0,0.33076841954776737
0,0,0.33076841954776737
0,0,0.33076841954776737
0,0,0.33076841954776737
0,0,0.38687393983207846
0,0,0.38687393983207846
0,0,0.38687393983207846
0,0,0.38687393983207846
0,0,0.3373392364542856
0,0,0.28241413053979364
0,0,0.28241413053979364
0,0,0.28241413053979364
0,0,0.3367310491073459
0,0,0.3367310491073459
0,0,0.3367310491073459
0,0,0.3367310491073459
0,0,0.3367310491073459
0,0,0.26126979459950567
0,0,0.2340758039246794
1,0,0.2340758039246794
0,0,0.2340758039246794
1,0,0.26255881070433323
0,0,0.2839925020908603
0,0,0.2839925020908603
0,0,0.2839925020908603
0,0,0.2839925020908603
0,0,0.37839402323134047
0,0,0.37839402323134047
0,0,0.37839402323134047
0,0,0.37839402323134047
0,0,0.37839402323134047
0,0,0.37839402323134047
0,0,0.37839402323134047
0,0,0.37839402323134047
0,0,0.43332916550608147
0,0,0.43332916550608147
0,0,0.43332916550608147
0,0,0.43332916550608147
0,0,0.47679531080833043
0,0,0.47679531080833043
0,0,0.2545404040167054
0,0,0.38906714988688135
1,0,0.38906714988688135
0,0,0.38906714988688135
0,0,0.3613669588482452
1,0,0.3613669588482452
0,0,0.3613669588482452
0,0,0.4240718679544415
1,0,0.4240718679544415
0,0,0.4240718679544415
0,0,0.4240718679544415
0,0,0.4240718679544415
0,0,0.4240718679544415
0,0,0.2625137142135658
0,0,0.2625137142135658
0,0,0.2625137142135658
0,0,0.2625137142135658
0,0,0.2625137142135658
0,0,0.2625137142135658
0,0,0.2625137142135658
0,0,0.2625137142135658
0,0,0.17684685124135124
0,0,0.3749245676779398
1,1,0.6604050421340435
1,0,0.33250766059726744
1,0,0.33250766059726744
1,0,0.36224460172609
1,0,0.32446683955329375
1,0,0.2549572190554183
1,0,0.40180214507685585
1,1,0.6092774707163322
1,0,0.294491988376973
1,0,0.2462162783707041
1,0,0.33057496528608565
1,0,0.35231739345609353
1,0,0.3420794018436966
1,0,0.38462712175542646
1,0,0.3151389231338356
1,0,0.2129373337433579
1,0,0.43779974978109015
1,0,0.43779974978109015
1,0,0.3800178276922928
1,0,0.2895165991093142
1,0,0.3790266406728224
1,0,0.4070630715667338
1,0,0.4070630715667338
1,0,0.4070630715667338
1,0,0.32070016160799936
1,1,0.5854436658605148
1,0,0.4087076650504361
1,0,0.37231954313096843
1,0,0.36820052610041154
1,0,0.3314623035637632
1,0,0.24884275940890518
1,0,0.3314623035637632
1,0,0.3314623035637632
1,0,0.46350498580094907
1,0,0.2550671597284026
1,0,0.1710746094327073
1,0,0.31541302674024274
1,0,0.2620155143903239
1,1,0.5361752342502437
1,0,0.3048424117692075
1,0,0.3048424117692075
1,0,0.3048424117692075
1,0,0.20608574198558838
1,1,0.5182234880719545
1,0,0.23459593721171657
1,0,0.25524271280927463
1,0,0.27310279849676256
1,0,0.2746372326271539
1,0,0.39397957013676416
1,0,0.39397957013676416
1,0,0.3532678911125686
1,0,0.324347408738012
1,0,0.4918273303580103
1,0,0.29151576056547823
1,0,0.29151576056547823
1,0,0.29151576056547823
1,0,0.3147388813230139
1,0,0.23354649871321723
1,0,0.31674793548002556
1,0,0.275671013003226
1,1,0.5019676545980041
1,1,0.5019676545980041
1,1,0.5019676545980041
1,1,0.5019676545980041
1,1,0.5019676545980041
1,1,0.5215141570296344
1,0,0.3339181322976264
1,0,0.363523842161351
1,0,0.27275597546338964
1,0,0.27275597546338964
1,0,0.4246577157239674
1,1,0.5680974486708774
1,0,0.26464538605904847
1,0,0.48781919231475784
1,0,0.3610350283766891
1,0,0.48383628980637455
1,0,0.48383628980637455
1,1,0.5064023436272533
1,0,0.26284565356308875
1,0,0.3529939826356611
1,0,0.21862109233769275
1,0,0.39803815678017934
